Date,   NAO from CRU  missing value -99.99 https://psl.noaa.gov/data/timeseries/month/
1821-01-01,-9999.000
1821-02-01,-9999.000
1821-03-01,-9999.000
1821-04-01,-9999.000
1821-05-01,-9999.000
1821-06-01,-9999.000
1821-07-01,   -2.620
1821-08-01,   -0.140
1821-09-01,-9999.000
1821-10-01,-9999.000
1821-11-01,-9999.000
1821-12-01,-9999.000
1822-01-01,-9999.000
1822-02-01,-9999.000
1822-03-01,    2.990
1822-04-01,   -3.190
1822-05-01,    0.590
1822-06-01,   -0.860
1822-07-01,   -4.050
1822-08-01,   -0.190
1822-09-01,   -1.090
1822-10-01,   -2.000
1822-11-01,   -0.050
1822-12-01,   -0.730
1823-01-01,   -3.390
1823-02-01,-9999.000
1823-03-01,-9999.000
1823-04-01,-9999.000
1823-05-01,    4.650
1823-06-01,   -0.830
1823-07-01,    0.580
1823-08-01,    2.900
1823-09-01,    0.670
1823-10-01,   -1.390
1823-11-01,   -0.760
1823-12-01,   -0.200
1824-01-01,   -0.160
1824-02-01,    0.250
1824-03-01,   -1.440
1824-04-01,    1.460
1824-05-01,    1.340
1824-06-01,   -3.940
1824-07-01,   -2.750
1824-08-01,   -0.080
1824-09-01,    0.190
1824-10-01,-9999.000
1824-11-01,   -0.700
1824-12-01,   -0.010
1825-01-01,   -0.230
1825-02-01,    0.210
1825-03-01,    0.330
1825-04-01,   -0.280
1825-05-01,    0.130
1825-06-01,    0.410
1825-07-01,   -0.920
1825-08-01,    1.430
1825-09-01,   -0.950
1825-10-01,    1.980
1825-11-01,    1.060
1825-12-01,   -1.310
1826-01-01,   -3.050
1826-02-01,    4.870
1826-03-01,   -0.970
1826-04-01,    1.780
1826-05-01,   -1.200
1826-06-01,    0.830
1826-07-01,    1.890
1826-08-01,    2.720
1826-09-01,   -0.760
1826-10-01,    0.180
1826-11-01,   -2.410
1826-12-01,   -0.590
1827-01-01,   -0.450
1827-02-01,   -3.720
1827-03-01,    1.830
1827-04-01,   -0.830
1827-05-01,    1.200
1827-06-01,   -0.070
1827-07-01,    2.020
1827-08-01,   -3.560
1827-09-01,   -0.070
1827-10-01,   -3.020
1827-11-01,   -1.420
1827-12-01,    2.700
1828-01-01,    1.270
1828-02-01,    0.370
1828-03-01,   -0.180
1828-04-01,    0.040
1828-05-01,   -1.590
1828-06-01,   -1.330
1828-07-01,   -4.400
1828-08-01,   -2.540
1828-09-01,   -2.780
1828-10-01,    0.100
1828-11-01,   -2.570
1828-12-01,    3.040
1829-01-01,   -2.480
1829-02-01,    0.320
1829-03-01,   -2.540
1829-04-01,    0.120
1829-05-01,    1.800
1829-06-01,   -0.100
1829-07-01,    0.330
1829-08-01,    0.770
1829-09-01,    0.780
1829-10-01,    0.710
1829-11-01,   -0.330
1829-12-01,   -0.430
1830-01-01,   -2.330
1830-02-01,    1.200
1830-03-01,    3.580
1830-04-01,    3.080
1830-05-01,   -0.050
1830-06-01,   -0.850
1830-07-01,    3.190
1830-08-01,   -0.350
1830-09-01,    2.040
1830-10-01,    2.040
1830-11-01,    2.190
1830-12-01,   -3.130
1831-01-01,   -2.910
1831-02-01,    1.400
1831-03-01,    1.480
1831-04-01,   -3.150
1831-05-01,   -2.470
1831-06-01,   -1.360
1831-07-01,    2.710
1831-08-01,   -3.040
1831-09-01,   -1.530
1831-10-01,    0.850
1831-11-01,    0.260
1831-12-01,    0.360
1832-01-01,   -0.040
1832-02-01,    0.830
1832-03-01,    2.120
1832-04-01,   -1.510
1832-05-01,   -1.960
1832-06-01,   -3.620
1832-07-01,   -2.570
1832-08-01,    0.920
1832-09-01,    1.450
1832-10-01,    2.250
1832-11-01,    0.620
1832-12-01,    3.320
1833-01-01,   -0.360
1833-02-01,    2.520
1833-03-01,   -2.890
1833-04-01,    2.020
1833-05-01,    0.690
1833-06-01,   -1.520
1833-07-01,    0.130
1833-08-01,   -1.740
1833-09-01,   -0.930
1833-10-01,   -1.750
1833-11-01,    1.400
1833-12-01,    4.170
1834-01-01,    3.070
1834-02-01,    2.660
1834-03-01,    1.370
1834-04-01,   -2.380
1834-05-01,   -1.030
1834-06-01,    0.270
1834-07-01,   -0.730
1834-08-01,   -0.860
1834-09-01,   -0.620
1834-10-01,    0.300
1834-11-01,   -2.280
1834-12-01,    0.110
1835-01-01,    0.370
1835-02-01,    3.370
1835-03-01,    1.540
1835-04-01,   -1.020
1835-05-01,    0.580
1835-06-01,    0.100
1835-07-01,    0.570
1835-08-01,    2.350
1835-09-01,    0.290
1835-10-01,   -0.300
1835-11-01,   -1.310
1835-12-01,   -1.460
1836-01-01,    1.470
1836-02-01,    0.060
1836-03-01,    2.280
1836-04-01,    0.870
1836-05-01,   -1.500
1836-06-01,    2.950
1836-07-01,    4.330
1836-08-01,    2.800
1836-09-01,   -1.590
1836-10-01,   -1.170
1836-11-01,    2.040
1836-12-01,   -1.410
1837-01-01,   -1.160
1837-02-01,    4.670
1837-03-01,   -3.080
1837-04-01,   -0.560
1837-05-01,   -1.020
1837-06-01,   -2.980
1837-07-01,   -2.400
1837-08-01,    0.010
1837-09-01,    0.170
1837-10-01,    2.520
1837-11-01,    1.340
1837-12-01,    1.370
1838-01-01,   -2.160
1838-02-01,   -1.810
1838-03-01,    1.230
1838-04-01,   -0.610
1838-05-01,   -2.160
1838-06-01,    1.240
1838-07-01,    0.110
1838-08-01,    1.160
1838-09-01,    1.460
1838-10-01,    0.590
1838-11-01,   -2.650
1838-12-01,    2.550
1839-01-01,    1.240
1839-02-01,    4.200
1839-03-01,    0.790
1839-04-01,    1.400
1839-05-01,   -0.940
1839-06-01,    0.010
1839-07-01,    1.140
1839-08-01,    0.040
1839-09-01,    1.090
1839-10-01,   -1.270
1839-11-01,   -2.890
1839-12-01,   -0.630
1840-01-01,    2.970
1840-02-01,   -0.400
1840-03-01,   -3.050
1840-04-01,    0.870
1840-05-01,   -0.580
1840-06-01,   -0.090
1840-07-01,    1.230
1840-08-01,    0.050
1840-09-01,    0.460
1840-10-01,   -2.500
1840-11-01,    0.460
1840-12-01,   -2.430
1841-01-01,   -0.710
1841-02-01,   -1.370
1841-03-01,    2.410
1841-04-01,    1.970
1841-05-01,    1.650
1841-06-01,   -0.610
1841-07-01,   -0.620
1841-08-01,    2.390
1841-09-01,   -2.760
1841-10-01,   -2.130
1841-11-01,    1.760
1841-12-01,    0.210
1842-01-01,    2.450
1842-02-01,    4.260
1842-03-01,    3.430
1842-04-01,   -0.440
1842-05-01,   -0.850
1842-06-01,   -4.300
1842-07-01,   -4.050
1842-08-01,    1.030
1842-09-01,   -3.800
1842-10-01,   -3.730
1842-11-01,   -2.660
1842-12-01,    0.510
1843-01-01,    2.990
1843-02-01,   -3.510
1843-03-01,   -1.290
1843-04-01,    2.030
1843-05-01,   -0.490
1843-06-01,   -1.920
1843-07-01,    3.260
1843-08-01,    3.990
1843-09-01,   -0.580
1843-10-01,   -1.900
1843-11-01,    0.870
1843-12-01,    3.130
1844-01-01,    0.200
1844-02-01,    0.110
1844-03-01,    1.090
1844-04-01,    3.910
1844-05-01,   -2.770
1844-06-01,   -0.120
1844-07-01,    0.360
1844-08-01,   -1.000
1844-09-01,   -1.530
1844-10-01,   -0.990
1844-11-01,   -0.020
1844-12-01,   -1.900
1845-01-01,    1.170
1845-02-01,    0.060
1845-03-01,   -0.540
1845-04-01,    0.560
1845-05-01,   -0.970
1845-06-01,    2.070
1845-07-01,   -0.160
1845-08-01,   -0.290
1845-09-01,   -0.230
1845-10-01,    1.140
1845-11-01,    0.490
1845-12-01,    0.830
1846-01-01,    2.260
1846-02-01,    0.630
1846-03-01,    1.750
1846-04-01,   -1.420
1846-05-01,    0.190
1846-06-01,    1.450
1846-07-01,    2.840
1846-08-01,   -0.300
1846-09-01,   -1.180
1846-10-01,    0.010
1846-11-01,   -0.590
1846-12-01,   -2.550
1847-01-01,    0.030
1847-02-01,    0.100
1847-03-01,   -1.590
1847-04-01,    1.170
1847-05-01,    1.760
1847-06-01,   -0.260
1847-07-01,    0.750
1847-08-01,    1.130
1847-09-01,   -0.320
1847-10-01,    0.440
1847-11-01,    2.460
1847-12-01,    1.760
1848-01-01,   -0.790
1848-02-01,    1.770
1848-03-01,    0.760
1848-04-01,   -1.020
1848-05-01,    0.690
1848-06-01,   -1.780
1848-07-01,    1.870
1848-08-01,    2.640
1848-09-01,   -2.550
1848-10-01,   -2.440
1848-11-01,   -0.840
1848-12-01,    2.550
1849-01-01,    2.420
1849-02-01,    2.770
1849-03-01,   -0.560
1849-04-01,   -0.990
1849-05-01,   -0.520
1849-06-01,   -3.210
1849-07-01,    1.200
1849-08-01,    0.700
1849-09-01,   -2.230
1849-10-01,   -0.080
1849-11-01,    0.800
1849-12-01,   -1.240
1850-01-01,   -0.160
1850-02-01,    4.130
1850-03-01,   -2.220
1850-04-01,    0.970
1850-05-01,   -1.160
1850-06-01,    0.400
1850-07-01,    0.310
1850-08-01,    0.150
1850-09-01,   -2.080
1850-10-01,   -2.700
1850-11-01,    2.390
1850-12-01,    2.360
1851-01-01,    3.290
1851-02-01,    1.030
1851-03-01,    1.500
1851-04-01,   -1.660
1851-05-01,   -1.530
1851-06-01,   -1.620
1851-07-01,   -5.390
1851-08-01,    4.680
1851-09-01,    1.850
1851-10-01,    0.780
1851-11-01,   -1.770
1851-12-01,    1.740
1852-01-01,    1.460
1852-02-01,    0.410
1852-03-01,   -2.500
1852-04-01,   -1.600
1852-05-01,    0.250
1852-06-01,    0.090
1852-07-01,   -1.130
1852-08-01,    2.940
1852-09-01,   -2.020
1852-10-01,   -1.650
1852-11-01,   -0.930
1852-12-01,    1.030
1853-01-01,    1.310
1853-02-01,   -4.040
1853-03-01,   -0.320
1853-04-01,    0.760
1853-05-01,   -3.170
1853-06-01,    1.090
1853-07-01,    1.760
1853-08-01,   -2.360
1853-09-01,   -0.220
1853-10-01,   -0.470
1853-11-01,    0.510
1853-12-01,   -4.280
1854-01-01,    1.280
1854-02-01,    1.720
1854-03-01,    2.670
1854-04-01,    0.880
1854-05-01,    0.040
1854-06-01,   -0.060
1854-07-01,   -1.920
1854-08-01,   -0.030
1854-09-01,    2.620
1854-10-01,    1.110
1854-11-01,   -1.560
1854-12-01,    2.420
1855-01-01,   -1.840
1855-02-01,   -3.800
1855-03-01,   -0.050
1855-04-01,    0.990
1855-05-01,   -2.280
1855-06-01,    0.780
1855-07-01,   -2.610
1855-08-01,    3.810
1855-09-01,    0.790
1855-10-01,   -1.090
1855-11-01,   -2.420
1855-12-01,   -1.660
1856-01-01,   -1.250
1856-02-01,   -0.100
1856-03-01,   -2.270
1856-04-01,    2.000
1856-05-01,   -0.700
1856-06-01,    2.030
1856-07-01,   -0.160
1856-08-01,   -0.440
1856-09-01,   -0.500
1856-10-01,    1.120
1856-11-01,   -1.690
1856-12-01,   -0.230
1857-01-01,   -0.690
1857-02-01,    2.020
1857-03-01,    1.090
1857-04-01,    0.550
1857-05-01,   -0.170
1857-06-01,   -0.330
1857-07-01,    5.360
1857-08-01,    1.020
1857-09-01,    1.210
1857-10-01,   -0.200
1857-11-01,   -1.680
1857-12-01,    3.510
1858-01-01,    2.260
1858-02-01,   -0.540
1858-03-01,   -1.240
1858-04-01,    1.240
1858-05-01,    0.530
1858-06-01,   -0.240
1858-07-01,   -1.580
1858-08-01,    0.060
1858-09-01,    2.330
1858-10-01,   -1.860
1858-11-01,   -4.410
1858-12-01,    3.010
1859-01-01,    2.740
1859-02-01,    2.370
1859-03-01,    1.500
1859-04-01,   -1.120
1859-05-01,   -0.630
1859-06-01,   -0.060
1859-07-01,    2.240
1859-08-01,    1.820
1859-09-01,    0.110
1859-10-01,   -2.610
1859-11-01,    0.290
1859-12-01,   -1.310
1860-01-01,    1.540
1860-02-01,    0.320
1860-03-01,    1.080
1860-04-01,   -0.370
1860-05-01,   -1.510
1860-06-01,   -2.320
1860-07-01,   -2.270
1860-08-01,   -0.160
1860-09-01,   -0.920
1860-10-01,    2.280
1860-11-01,   -3.440
1860-12-01,   -2.140
1861-01-01,   -0.560
1861-02-01,    0.800
1861-03-01,    2.060
1861-04-01,   -1.860
1861-05-01,   -1.990
1861-06-01,   -1.040
1861-07-01,    0.730
1861-08-01,    2.910
1861-09-01,   -0.850
1861-10-01,   -0.800
1861-11-01,   -1.350
1861-12-01,   -1.500
1862-01-01,    1.150
1862-02-01,   -1.260
1862-03-01,   -2.250
1862-04-01,    0.640
1862-05-01,    0.650
1862-06-01,   -0.220
1862-07-01,   -2.080
1862-08-01,   -1.430
1862-09-01,   -1.500
1862-10-01,    1.750
1862-11-01,   -0.490
1862-12-01,    2.920
1863-01-01,    1.120
1863-02-01,    3.100
1863-03-01,    1.880
1863-04-01,    2.350
1863-05-01,   -1.490
1863-06-01,   -0.590
1863-07-01,   -0.430
1863-08-01,    0.100
1863-09-01,    2.460
1863-10-01,   -0.590
1863-11-01,    1.620
1863-12-01,    2.170
1864-01-01,    2.030
1864-02-01,   -0.270
1864-03-01,   -1.780
1864-04-01,    0.230
1864-05-01,   -1.830
1864-06-01,    1.760
1864-07-01,    0.500
1864-08-01,   -0.210
1864-09-01,    1.120
1864-10-01,   -6.050
1864-11-01,    0.010
1864-12-01,   -0.770
1865-01-01,    0.150
1865-02-01,   -0.420
1865-03-01,   -1.030
1865-04-01,    0.920
1865-05-01,    0.870
1865-06-01,    0.740
1865-07-01,   -0.070
1865-08-01,   -0.220
1865-09-01,    3.240
1865-10-01,   -2.660
1865-11-01,   -0.140
1865-12-01,    2.570
1866-01-01,    2.060
1866-02-01,    0.700
1866-03-01,   -2.100
1866-04-01,   -0.880
1866-05-01,   -1.540
1866-06-01,   -0.180
1866-07-01,    0.290
1866-08-01,    0.770
1866-09-01,    1.520
1866-10-01,   -0.030
1866-11-01,    1.010
1866-12-01,    2.140
1867-01-01,   -2.170
1867-02-01,    3.630
1867-03-01,   -3.030
1867-04-01,    3.080
1867-05-01,   -2.350
1867-06-01,   -1.200
1867-07-01,   -1.770
1867-08-01,    3.100
1867-09-01,    1.130
1867-10-01,    0.730
1867-11-01,   -1.510
1867-12-01,   -0.550
1868-01-01,    1.460
1868-02-01,    3.950
1868-03-01,    2.940
1868-04-01,    2.520
1868-05-01,    1.350
1868-06-01,    2.100
1868-07-01,    1.210
1868-08-01,    3.020
1868-09-01,   -2.650
1868-10-01,    1.870
1868-11-01,   -0.830
1868-12-01,    2.010
1869-01-01,    3.250
1869-02-01,    3.900
1869-03-01,   -1.910
1869-04-01,    2.620
1869-05-01,   -1.980
1869-06-01,   -0.710
1869-07-01,    0.290
1869-08-01,    1.150
1869-09-01,    0.620
1869-10-01,   -0.790
1869-11-01,    0.790
1869-12-01,   -0.690
1870-01-01,    0.320
1870-02-01,   -1.980
1870-03-01,   -2.070
1870-04-01,    2.920
1870-05-01,    1.550
1870-06-01,    0.560
1870-07-01,   -0.360
1870-08-01,   -3.410
1870-09-01,    1.710
1870-10-01,    1.300
1870-11-01,   -2.040
1870-12-01,   -3.520
1871-01-01,    0.670
1871-02-01,    1.710
1871-03-01,    1.150
1871-04-01,   -0.320
1871-05-01,   -2.500
1871-06-01,   -1.370
1871-07-01,    1.750
1871-08-01,    4.190
1871-09-01,   -1.930
1871-10-01,   -0.890
1871-11-01,   -3.720
1871-12-01,   -0.180
1872-01-01,    1.150
1872-02-01,    0.450
1872-03-01,   -1.200
1872-04-01,   -0.730
1872-05-01,    0.020
1872-06-01,   -0.340
1872-07-01,   -3.610
1872-08-01,   -1.430
1872-09-01,   -2.530
1872-10-01,   -0.910
1872-11-01,    0.670
1872-12-01,   -1.090
1873-01-01,    2.300
1873-02-01,    0.180
1873-03-01,   -0.390
1873-04-01,   -2.170
1873-05-01,   -0.930
1873-06-01,    0.780
1873-07-01,   -0.120
1873-08-01,    3.440
1873-09-01,   -0.570
1873-10-01,   -0.810
1873-11-01,   -2.230
1873-12-01,    2.010
1874-01-01,    1.560
1874-02-01,    2.070
1874-03-01,    1.470
1874-04-01,    2.990
1874-05-01,   -1.850
1874-06-01,   -0.760
1874-07-01,    0.180
1874-08-01,    0.820
1874-09-01,    0.740
1874-10-01,    0.860
1874-11-01,   -0.340
1874-12-01,   -2.120
1875-01-01,    2.060
1875-02-01,   -1.470
1875-03-01,   -0.610
1875-04-01,   -0.410
1875-05-01,    0.890
1875-06-01,    1.460
1875-07-01,   -1.440
1875-08-01,    1.710
1875-09-01,   -0.010
1875-10-01,   -0.750
1875-11-01,   -2.800
1875-12-01,    0.080
1876-01-01,    1.100
1876-02-01,    0.750
1876-03-01,   -0.290
1876-04-01,   -0.670
1876-05-01,   -1.450
1876-06-01,    1.710
1876-07-01,    3.480
1876-08-01,    1.020
1876-09-01,   -2.620
1876-10-01,   -2.190
1876-11-01,   -2.350
1876-12-01,   -1.130
1877-01-01,    2.390
1877-02-01,    1.960
1877-03-01,   -0.450
1877-04-01,   -2.300
1877-05-01,   -1.730
1877-06-01,   -0.320
1877-07-01,    1.180
1877-08-01,   -1.830
1877-09-01,   -3.740
1877-10-01,    1.250
1877-11-01,    2.060
1877-12-01,    2.160
1878-01-01,    1.180
1878-02-01,    2.200
1878-03-01,   -0.010
1878-04-01,    0.450
1878-05-01,    0.280
1878-06-01,   -1.540
1878-07-01,   -1.930
1878-08-01,   -2.460
1878-09-01,   -0.950
1878-10-01,   -1.440
1878-11-01,   -3.470
1878-12-01,   -3.310
1879-01-01,   -0.710
1879-02-01,    0.850
1879-03-01,   -0.080
1879-04-01,    0.100
1879-05-01,    0.630
1879-06-01,   -0.500
1879-07-01,   -1.570
1879-08-01,   -0.290
1879-09-01,    1.900
1879-10-01,   -1.880
1879-11-01,   -3.380
1879-12-01,    0.580
1880-01-01,    0.420
1880-02-01,    1.920
1880-03-01,    0.060
1880-04-01,    1.660
1880-05-01,   -1.780
1880-06-01,    0.450
1880-07-01,   -1.900
1880-08-01,   -0.430
1880-09-01,    0.920
1880-10-01,   -3.200
1880-11-01,    1.190
1880-12-01,    0.520
1881-01-01,   -3.600
1881-02-01,   -1.620
1881-03-01,   -0.510
1881-04-01,   -1.420
1881-05-01,    0.820
1881-06-01,    0.010
1881-07-01,    2.100
1881-08-01,    0.420
1881-09-01,   -0.250
1881-10-01,   -2.040
1881-11-01,    4.340
1881-12-01,    2.770
1882-01-01,    3.070
1882-02-01,    3.200
1882-03-01,    3.610
1882-04-01,   -0.420
1882-05-01,   -0.680
1882-06-01,   -0.640
1882-07-01,    1.600
1882-08-01,    2.050
1882-09-01,    0.400
1882-10-01,    0.650
1882-11-01,    2.010
1882-12-01,   -1.690
1883-01-01,    1.670
1883-02-01,    4.250
1883-03-01,   -3.040
1883-04-01,    0.880
1883-05-01,   -0.540
1883-06-01,   -1.750
1883-07-01,   -2.250
1883-08-01,    3.000
1883-09-01,    0.470
1883-10-01,    1.680
1883-11-01,    2.360
1883-12-01,    0.910
1884-01-01,    3.320
1884-02-01,    1.480
1884-03-01,    0.190
1884-04-01,   -2.360
1884-05-01,   -0.170
1884-06-01,    0.500
1884-07-01,   -0.800
1884-08-01,    2.160
1884-09-01,    1.600
1884-10-01,    0.270
1884-11-01,   -1.160
1884-12-01,    1.940
1885-01-01,   -0.800
1885-02-01,    0.090
1885-03-01,   -1.060
1885-04-01,    0.360
1885-05-01,    0.320
1885-06-01,    1.590
1885-07-01,    3.070
1885-08-01,   -1.030
1885-09-01,    1.400
1885-10-01,   -0.840
1885-11-01,   -0.760
1885-12-01,   -0.030
1886-01-01,   -1.410
1886-02-01,   -0.390
1886-03-01,    0.560
1886-04-01,   -1.370
1886-05-01,   -0.670
1886-06-01,   -1.170
1886-07-01,   -1.590
1886-08-01,    2.430
1886-09-01,   -0.340
1886-10-01,   -0.550
1886-11-01,    0.550
1886-12-01,    0.120
1887-01-01,    1.900
1887-02-01,    2.030
1887-03-01,   -0.850
1887-04-01,   -2.110
1887-05-01,    0.440
1887-06-01,    0.060
1887-07-01,    0.580
1887-08-01,   -1.190
1887-09-01,   -2.560
1887-10-01,   -1.140
1887-11-01,   -3.250
1887-12-01,   -1.620
1888-01-01,    0.210
1888-02-01,   -2.250
1888-03-01,   -1.500
1888-04-01,   -2.250
1888-05-01,    0.970
1888-06-01,   -1.700
1888-07-01,   -0.000
1888-08-01,    4.000
1888-09-01,   -0.420
1888-10-01,   -0.890
1888-11-01,    2.700
1888-12-01,    1.250
1889-01-01,    0.650
1889-02-01,   -0.200
1889-03-01,    0.110
1889-04-01,    1.050
1889-05-01,   -0.390
1889-06-01,    1.890
1889-07-01,   -1.030
1889-08-01,    3.780
1889-09-01,   -1.980
1889-10-01,   -1.230
1889-11-01,    2.700
1889-12-01,    2.300
1890-01-01,    4.320
1890-02-01,   -1.370
1890-03-01,    0.500
1890-04-01,   -0.080
1890-05-01,   -1.140
1890-06-01,    1.230
1890-07-01,    0.300
1890-08-01,    0.990
1890-09-01,    2.500
1890-10-01,    0.850
1890-11-01,    1.900
1890-12-01,   -2.750
1891-01-01,    0.270
1891-02-01,    2.810
1891-03-01,   -1.170
1891-04-01,   -0.920
1891-05-01,   -1.780
1891-06-01,   -3.740
1891-07-01,   -0.540
1891-08-01,    2.220
1891-09-01,    2.290
1891-10-01,   -0.460
1891-11-01,   -1.530
1891-12-01,    2.860
1892-01-01,   -0.770
1892-02-01,   -2.210
1892-03-01,   -1.530
1892-04-01,   -1.140
1892-05-01,   -0.570
1892-06-01,   -0.470
1892-07-01,    0.180
1892-08-01,    1.160
1892-09-01,    1.610
1892-10-01,   -3.680
1892-11-01,    0.810
1892-12-01,   -1.050
1893-01-01,   -1.610
1893-02-01,    2.540
1893-03-01,   -0.040
1893-04-01,    0.040
1893-05-01,    0.370
1893-06-01,   -0.560
1893-07-01,   -1.500
1893-08-01,    0.480
1893-09-01,   -0.970
1893-10-01,    0.320
1893-11-01,   -2.160
1893-12-01,    1.860
1894-01-01,    1.400
1894-02-01,    3.950
1894-03-01,    1.120
1894-04-01,    1.980
1894-05-01,   -1.380
1894-06-01,    2.780
1894-07-01,    1.180
1894-08-01,    0.910
1894-09-01,   -2.190
1894-10-01,   -2.240
1894-11-01,    1.960
1894-12-01,    0.940
1895-01-01,   -2.610
1895-02-01,   -4.140
1895-03-01,   -0.270
1895-04-01,    0.370
1895-05-01,    0.510
1895-06-01,   -0.200
1895-07-01,    1.210
1895-08-01,    1.720
1895-09-01,    1.150
1895-10-01,   -2.530
1895-11-01,    1.920
1895-12-01,    0.020
1896-01-01,   -0.230
1896-02-01,    2.330
1896-03-01,    1.390
1896-04-01,    2.540
1896-05-01,   -0.890
1896-06-01,   -0.270
1896-07-01,    1.230
1896-08-01,   -1.020
1896-09-01,    0.600
1896-10-01,   -2.770
1896-11-01,   -0.550
1896-12-01,    1.860
1897-01-01,   -2.360
1897-02-01,    3.320
1897-03-01,    2.310
1897-04-01,    4.280
1897-05-01,   -0.520
1897-06-01,   -1.420
1897-07-01,   -0.050
1897-08-01,    2.490
1897-09-01,    1.400
1897-10-01,   -0.600
1897-11-01,    0.020
1897-12-01,    1.350
1898-01-01,    1.970
1898-02-01,    1.900
1898-03-01,   -2.330
1898-04-01,    3.460
1898-05-01,   -0.530
1898-06-01,   -0.840
1898-07-01,   -1.530
1898-08-01,    3.560
1898-09-01,   -0.170
1898-10-01,   -1.150
1898-11-01,   -1.140
1898-12-01,    3.140
1899-01-01,    0.680
1899-02-01,   -0.170
1899-03-01,   -1.500
1899-04-01,    0.580
1899-05-01,   -1.030
1899-06-01,   -0.250
1899-07-01,    2.460
1899-08-01,   -1.130
1899-09-01,   -0.080
1899-10-01,   -0.120
1899-11-01,    1.940
1899-12-01,   -0.870
1900-01-01,    1.380
1900-02-01,   -2.360
1900-03-01,   -3.120
1900-04-01,    2.610
1900-05-01,   -0.570
1900-06-01,   -1.230
1900-07-01,   -0.210
1900-08-01,   -0.060
1900-09-01,    0.980
1900-10-01,   -0.570
1900-11-01,    0.650
1900-12-01,    3.500
1901-01-01,    0.980
1901-02-01,   -2.580
1901-03-01,   -0.910
1901-04-01,    2.530
1901-05-01,   -0.710
1901-06-01,    0.210
1901-07-01,   -1.830
1901-08-01,    1.140
1901-09-01,   -0.090
1901-10-01,   -0.470
1901-11-01,   -1.730
1901-12-01,   -1.380
1902-01-01,    1.410
1902-02-01,   -1.400
1902-03-01,    0.500
1902-04-01,   -1.140
1902-05-01,    0.540
1902-06-01,   -3.250
1902-07-01,   -1.240
1902-08-01,   -0.180
1902-09-01,   -1.510
1902-10-01,   -0.120
1902-11-01,   -0.090
1902-12-01,    1.270
1903-01-01,    1.280
1903-02-01,    4.860
1903-03-01,    4.050
1903-04-01,   -0.790
1903-05-01,    0.140
1903-06-01,   -2.800
1903-07-01,    0.430
1903-08-01,    3.670
1903-09-01,    0.220
1903-10-01,   -0.550
1903-11-01,    1.040
1903-12-01,   -1.090
1904-01-01,    2.240
1904-02-01,    1.210
1904-03-01,   -0.700
1904-04-01,    2.640
1904-05-01,    1.750
1904-06-01,   -0.870
1904-07-01,   -0.040
1904-08-01,    0.610
1904-09-01,   -0.430
1904-10-01,    0.040
1904-11-01,    0.070
1904-12-01,    0.880
1905-01-01,    1.810
1905-02-01,    2.090
1905-03-01,    2.230
1905-04-01,   -1.170
1905-05-01,   -0.720
1905-06-01,   -2.290
1905-07-01,   -0.050
1905-08-01,    0.970
1905-09-01,   -0.190
1905-10-01,   -3.100
1905-11-01,   -0.250
1905-12-01,    1.850
1906-01-01,    2.640
1906-02-01,    1.260
1906-03-01,   -0.250
1906-04-01,    1.670
1906-05-01,   -1.750
1906-06-01,   -1.680
1906-07-01,    1.290
1906-08-01,    0.380
1906-09-01,   -1.330
1906-10-01,    0.400
1906-11-01,    0.700
1906-12-01,    0.030
1907-01-01,    1.580
1907-02-01,    1.220
1907-03-01,    2.410
1907-04-01,    1.080
1907-05-01,   -1.420
1907-06-01,    0.760
1907-07-01,   -0.550
1907-08-01,    2.220
1907-09-01,    0.240
1907-10-01,   -1.590
1907-11-01,   -0.410
1907-12-01,    1.180
1908-01-01,    0.640
1908-02-01,    1.980
1908-03-01,    0.740
1908-04-01,   -1.750
1908-05-01,    1.920
1908-06-01,    0.830
1908-07-01,    0.090
1908-08-01,    0.600
1908-09-01,    0.980
1908-10-01,    0.240
1908-11-01,   -0.210
1908-12-01,    1.470
1909-01-01,    1.820
1909-02-01,   -0.540
1909-03-01,   -2.090
1909-04-01,    0.060
1909-05-01,   -0.920
1909-06-01,   -1.350
1909-07-01,    2.590
1909-08-01,    2.350
1909-09-01,   -1.290
1909-10-01,    0.590
1909-11-01,   -1.970
1909-12-01,   -0.480
1910-01-01,    2.570
1910-02-01,    3.850
1910-03-01,    0.550
1910-04-01,    0.080
1910-05-01,   -1.500
1910-06-01,   -1.070
1910-07-01,   -1.640
1910-08-01,    0.310
1910-09-01,   -1.150
1910-10-01,   -1.560
1910-11-01,   -0.870
1910-12-01,   -0.100
1911-01-01,    0.820
1911-02-01,    2.050
1911-03-01,   -1.400
1911-04-01,   -0.240
1911-05-01,    0.790
1911-06-01,    0.420
1911-07-01,    0.540
1911-08-01,    0.130
1911-09-01,    1.530
1911-10-01,   -1.880
1911-11-01,   -0.050
1911-12-01,    3.020
1912-01-01,   -0.910
1912-02-01,   -0.170
1912-03-01,    2.220
1912-04-01,   -0.100
1912-05-01,    1.700
1912-06-01,   -0.980
1912-07-01,   -1.420
1912-08-01,    0.070
1912-09-01,   -2.510
1912-10-01,    0.420
1912-11-01,    1.210
1912-12-01,    3.000
1913-01-01,    1.830
1913-02-01,    1.190
1913-03-01,    2.730
1913-04-01,    1.990
1913-05-01,    0.380
1913-06-01,    1.030
1913-07-01,   -0.990
1913-08-01,    0.650
1913-09-01,   -2.700
1913-10-01,   -1.480
1913-11-01,    4.620
1913-12-01,    1.230
1914-01-01,    0.580
1914-02-01,    2.450
1914-03-01,    1.720
1914-04-01,    2.080
1914-05-01,    2.190
1914-06-01,    0.570
1914-07-01,   -1.110
1914-08-01,    0.970
1914-09-01,    0.430
1914-10-01,   -1.100
1914-11-01,   -1.410
1914-12-01,    2.230
1915-01-01,    0.080
1915-02-01,    1.820
1915-03-01,   -1.910
1915-04-01,    2.910
1915-05-01,   -2.470
1915-06-01,   -2.300
1915-07-01,   -1.190
1915-08-01,   -1.290
1915-09-01,   -1.940
1915-10-01,   -0.990
1915-11-01,   -2.510
1915-12-01,   -0.650
1916-01-01,    3.820
1916-02-01,    2.030
1916-03-01,   -3.840
1916-04-01,    0.770
1916-05-01,   -0.720
1916-06-01,   -3.030
1916-07-01,   -0.690
1916-08-01,   -0.570
1916-09-01,   -2.590
1916-10-01,    2.200
1916-11-01,   -0.580
1916-12-01,   -1.800
1917-01-01,   -3.080
1917-02-01,   -1.590
1917-03-01,   -0.210
1917-04-01,   -0.920
1917-05-01,   -1.590
1917-06-01,    0.810
1917-07-01,   -0.210
1917-08-01,   -0.390
1917-09-01,    2.470
1917-10-01,    0.940
1917-11-01,    1.980
1917-12-01,   -2.800
1918-01-01,   -0.480
1918-02-01,    3.870
1918-03-01,    0.370
1918-04-01,   -1.910
1918-05-01,    0.230
1918-06-01,    1.310
1918-07-01,   -1.970
1918-08-01,    1.760
1918-09-01,   -0.170
1918-10-01,    0.560
1918-11-01,    0.260
1918-12-01,    2.320
1919-01-01,   -0.010
1919-02-01,   -0.490
1919-03-01,   -0.250
1919-04-01,    1.720
1919-05-01,    1.350
1919-06-01,    1.860
1919-07-01,   -1.330
1919-08-01,    4.030
1919-09-01,   -1.270
1919-10-01,   -2.240
1919-11-01,   -2.070
1919-12-01,    2.860
1920-01-01,    2.840
1920-02-01,    1.390
1920-03-01,    3.080
1920-04-01,    0.090
1920-05-01,    0.760
1920-06-01,   -1.620
1920-07-01,    1.870
1920-08-01,   -1.220
1920-09-01,    0.410
1920-10-01,   -1.150
1920-11-01,    1.480
1920-12-01,   -0.460
1921-01-01,    3.200
1921-02-01,    0.070
1921-03-01,    2.680
1921-04-01,   -0.090
1921-05-01,   -0.640
1921-06-01,   -1.600
1921-07-01,   -0.410
1921-08-01,   -0.650
1921-09-01,   -1.430
1921-10-01,   -0.220
1921-11-01,   -1.220
1921-12-01,    2.180
1922-01-01,    0.640
1922-02-01,    2.970
1922-03-01,   -0.230
1922-04-01,    0.800
1922-05-01,    2.360
1922-06-01,    0.790
1922-07-01,    1.790
1922-08-01,    0.090
1922-09-01,   -0.430
1922-10-01,   -3.950
1922-11-01,   -0.050
1922-12-01,    1.470
1923-01-01,    1.840
1923-02-01,    2.770
1923-03-01,   -0.100
1923-04-01,   -1.190
1923-05-01,    0.350
1923-06-01,    0.530
1923-07-01,    1.590
1923-08-01,    0.730
1923-09-01,    2.640
1923-10-01,    1.340
1923-11-01,   -1.970
1923-12-01,    1.250
1924-01-01,    0.860
1924-02-01,   -1.620
1924-03-01,   -1.880
1924-04-01,   -0.940
1924-05-01,   -0.550
1924-06-01,   -2.090
1924-07-01,    0.650
1924-08-01,    0.550
1924-09-01,    0.710
1924-10-01,    0.500
1924-11-01,   -0.210
1924-12-01,    3.860
1925-01-01,    4.230
1925-02-01,    1.950
1925-03-01,   -2.000
1925-04-01,    2.590
1925-05-01,    1.120
1925-06-01,   -2.200
1925-07-01,    1.370
1925-08-01,    1.430
1925-09-01,   -0.660
1925-10-01,   -0.980
1925-11-01,   -2.600
1925-12-01,   -0.720
1926-01-01,    1.700
1926-02-01,    1.840
1926-03-01,    0.560
1926-04-01,    2.330
1926-05-01,   -1.190
1926-06-01,   -1.790
1926-07-01,   -0.690
1926-08-01,    2.060
1926-09-01,    0.920
1926-10-01,   -4.160
1926-11-01,    0.120
1926-12-01,   -0.510
1927-01-01,    2.150
1927-02-01,    1.090
1927-03-01,    2.580
1927-04-01,    1.390
1927-05-01,   -2.030
1927-06-01,   -1.600
1927-07-01,   -0.160
1927-08-01,    1.600
1927-09-01,   -1.770
1927-10-01,   -2.040
1927-11-01,   -1.250
1927-12-01,   -3.140
1928-01-01,    3.040
1928-02-01,    3.520
1928-03-01,   -0.940
1928-04-01,    1.090
1928-05-01,   -2.900
1928-06-01,   -1.890
1928-07-01,    2.210
1928-08-01,   -1.800
1928-09-01,   -1.930
1928-10-01,    0.150
1928-11-01,    1.680
1928-12-01,    0.440
1929-01-01,   -1.260
1929-02-01,    0.270
1929-03-01,   -0.480
1929-04-01,   -3.800
1929-05-01,    0.670
1929-06-01,   -0.060
1929-07-01,    0.260
1929-08-01,   -0.070
1929-09-01,    0.250
1929-10-01,    0.290
1929-11-01,    2.150
1929-12-01,    3.800
1930-01-01,    1.510
1930-02-01,   -0.600
1930-03-01,   -0.700
1930-04-01,   -2.130
1930-05-01,    1.840
1930-06-01,   -0.370
1930-07-01,   -1.300
1930-08-01,    1.810
1930-09-01,   -2.070
1930-10-01,    0.890
1930-11-01,    1.440
1930-12-01,    1.210
1931-01-01,   -0.090
1931-02-01,    1.290
1931-03-01,   -2.180
1931-04-01,   -0.080
1931-05-01,   -0.620
1931-06-01,   -0.960
1931-07-01,   -0.130
1931-08-01,   -1.800
1931-09-01,   -2.730
1931-10-01,   -0.110
1931-11-01,    2.780
1931-12-01,    0.770
1932-01-01,    3.470
1932-02-01,   -3.310
1932-03-01,   -1.570
1932-04-01,    0.130
1932-05-01,   -0.680
1932-06-01,   -1.460
1932-07-01,   -0.800
1932-08-01,    2.180
1932-09-01,   -0.930
1932-10-01,    0.050
1932-11-01,    0.980
1932-12-01,    1.220
1933-01-01,    1.410
1933-02-01,   -1.810
1933-03-01,    1.260
1933-04-01,   -0.230
1933-05-01,   -0.550
1933-06-01,   -1.620
1933-07-01,    2.620
1933-08-01,    2.650
1933-09-01,   -2.030
1933-10-01,   -1.990
1933-11-01,   -2.970
1933-12-01,   -1.840
1934-01-01,    3.270
1934-02-01,    0.490
1934-03-01,    0.300
1934-04-01,   -1.670
1934-05-01,    1.410
1934-06-01,   -2.490
1934-07-01,   -1.170
1934-08-01,    1.510
1934-09-01,    2.500
1934-10-01,    0.760
1934-11-01,   -1.220
1934-12-01,    1.320
1935-01-01,   -0.500
1935-02-01,    2.700
1935-03-01,    0.390
1935-04-01,   -0.410
1935-05-01,   -3.210
1935-06-01,    1.340
1935-07-01,    2.030
1935-08-01,   -0.550
1935-09-01,    0.550
1935-10-01,    0.880
1935-11-01,    1.130
1935-12-01,   -1.370
1936-01-01,   -1.220
1936-02-01,   -2.440
1936-03-01,   -1.090
1936-04-01,   -1.540
1936-05-01,   -2.340
1936-06-01,    0.760
1936-07-01,    1.340
1936-08-01,    2.670
1936-09-01,   -0.810
1936-10-01,    0.870
1936-11-01,   -0.170
1936-12-01,    2.370
1937-01-01,    2.150
1937-02-01,    1.730
1937-03-01,   -2.020
1937-04-01,    2.190
1937-05-01,    2.310
1937-06-01,    0.490
1937-07-01,    0.190
1937-08-01,    0.280
1937-09-01,   -0.170
1937-10-01,   -2.410
1937-11-01,   -1.560
1937-12-01,   -1.090
1938-01-01,    2.640
1938-02-01,    0.600
1938-03-01,    3.130
1938-04-01,   -1.680
1938-05-01,   -0.350
1938-06-01,    0.970
1938-07-01,    1.600
1938-08-01,   -0.370
1938-09-01,   -0.290
1938-10-01,    1.880
1938-11-01,    3.240
1938-12-01,   -0.390
1939-01-01,   -0.690
1939-02-01,    2.910
1939-03-01,   -0.030
1939-04-01,    0.180
1939-05-01,   -0.900
1939-06-01,   -1.400
1939-07-01,   -0.440
1939-08-01,    0.800
1939-09-01,   -3.900
1939-10-01,   -2.510
1939-11-01,    1.530
1939-12-01,   -1.070
1940-01-01,   -2.270
1940-02-01,   -0.930
1940-03-01,   -0.720
1940-04-01,    0.530
1940-05-01,   -0.250
1940-06-01,   -1.200
1940-07-01,   -1.210
1940-08-01,    0.300
1940-09-01,   -1.100
1940-10-01,   -1.890
1940-11-01,    1.300
1940-12-01,    1.460
1941-01-01,   -3.500
1941-02-01,   -0.420
1941-03-01,   -1.290
1941-04-01,   -2.950
1941-05-01,   -0.540
1941-06-01,    0.240
1941-07-01,    1.080
1941-08-01,   -0.600
1941-09-01,   -0.970
1941-10-01,   -1.210
1941-11-01,   -0.090
1941-12-01,    1.440
1942-01-01,    0.750
1942-02-01,   -3.100
1942-03-01,   -0.920
1942-04-01,   -0.950
1942-05-01,    0.820
1942-06-01,   -2.100
1942-07-01,    0.150
1942-08-01,    0.080
1942-09-01,   -0.250
1942-10-01,   -0.210
1942-11-01,   -2.110
1942-12-01,    1.470
1943-01-01,    1.170
1943-02-01,    2.780
1943-03-01,    0.030
1943-04-01,    4.260
1943-05-01,    2.170
1943-06-01,    1.910
1943-07-01,    0.050
1943-08-01,   -0.180
1943-09-01,   -0.650
1943-10-01,    0.450
1943-11-01,    0.080
1943-12-01,   -0.390
1944-01-01,    3.630
1944-02-01,   -1.590
1944-03-01,   -0.820
1944-04-01,    1.300
1944-05-01,    0.420
1944-06-01,   -2.780
1944-07-01,   -2.160
1944-08-01,    0.150
1944-09-01,    0.360
1944-10-01,   -0.830
1944-11-01,    0.810
1944-12-01,    0.260
1945-01-01,   -2.120
1945-02-01,    4.670
1945-03-01,    2.510
1945-04-01,    1.150
1945-05-01,   -0.840
1945-06-01,    0.370
1945-07-01,   -0.400
1945-08-01,   -1.830
1945-09-01,    1.400
1945-10-01,   -0.220
1945-11-01,   -1.820
1945-12-01,   -0.250
1946-01-01,    1.410
1946-02-01,    0.990
1946-03-01,   -0.390
1946-04-01,    0.650
1946-05-01,   -2.700
1946-06-01,    2.560
1946-07-01,    2.660
1946-08-01,    0.620
1946-09-01,    1.980
1946-10-01,   -2.040
1946-11-01,   -1.260
1946-12-01,    1.220
1947-01-01,    0.390
1947-02-01,   -4.600
1947-03-01,   -1.280
1947-04-01,    6.660
1947-05-01,   -1.200
1947-06-01,    0.200
1947-07-01,    0.190
1947-08-01,   -1.080
1947-09-01,    1.180
1947-10-01,   -0.510
1947-11-01,   -0.250
1947-12-01,   -0.720
1948-01-01,    1.530
1948-02-01,    0.660
1948-03-01,    3.480
1948-04-01,   -0.480
1948-05-01,   -1.230
1948-06-01,   -0.270
1948-07-01,    0.590
1948-08-01,    0.340
1948-09-01,    0.820
1948-10-01,    0.430
1948-11-01,    2.640
1948-12-01,    1.090
1949-01-01,    1.500
1949-02-01,    4.010
1949-03-01,   -0.960
1949-04-01,    3.410
1949-05-01,   -1.390
1949-06-01,   -1.510
1949-07-01,   -0.930
1949-08-01,    1.380
1949-09-01,   -1.810
1949-10-01,    1.380
1949-11-01,    0.540
1949-12-01,    0.110
1950-01-01,    0.550
1950-02-01,    3.310
1950-03-01,    0.820
1950-04-01,    1.610
1950-05-01,   -1.730
1950-06-01,    1.260
1950-07-01,   -0.870
1950-08-01,   -0.280
1950-09-01,    1.510
1950-10-01,    0.780
1950-11-01,    0.780
1950-12-01,   -1.880
1951-01-01,    0.820
1951-02-01,    0.930
1951-03-01,   -2.010
1951-04-01,   -0.450
1951-05-01,   -2.110
1951-06-01,   -1.160
1951-07-01,    1.100
1951-08-01,    0.850
1951-09-01,   -0.220
1951-10-01,   -0.130
1951-11-01,   -0.970
1951-12-01,    2.540
1952-01-01,    0.920
1952-02-01,    0.150
1952-03-01,   -1.140
1952-04-01,    2.790
1952-05-01,   -0.940
1952-06-01,    0.020
1952-07-01,   -0.790
1952-08-01,   -1.050
1952-09-01,   -3.020
1952-10-01,    0.420
1952-11-01,   -1.510
1952-12-01,   -0.310
1953-01-01,   -0.020
1953-02-01,    0.540
1953-03-01,    1.250
1953-04-01,   -1.600
1953-05-01,   -0.750
1953-06-01,   -2.960
1953-07-01,    0.130
1953-08-01,    3.260
1953-09-01,    0.750
1953-10-01,    0.770
1953-11-01,    3.250
1953-12-01,    0.150
1954-01-01,    0.100
1954-02-01,    0.570
1954-03-01,   -0.290
1954-04-01,   -0.260
1954-05-01,   -0.910
1954-06-01,   -0.940
1954-07-01,    0.880
1954-08-01,   -0.590
1954-09-01,    2.490
1954-10-01,    2.090
1954-11-01,    1.540
1954-12-01,    1.440
1955-01-01,   -1.170
1955-02-01,   -2.210
1955-03-01,   -2.900
1955-04-01,    2.400
1955-05-01,    0.330
1955-06-01,   -0.180
1955-07-01,   -1.320
1955-08-01,    0.540
1955-09-01,    0.820
1955-10-01,   -2.350
1955-11-01,   -2.140
1955-12-01,    0.510
1956-01-01,   -0.760
1956-02-01,   -2.960
1956-03-01,    0.010
1956-04-01,   -1.900
1956-05-01,    4.540
1956-06-01,    1.260
1956-07-01,    0.350
1956-08-01,   -3.150
1956-09-01,   -0.510
1956-10-01,    1.230
1956-11-01,    1.390
1956-12-01,    2.570
1957-01-01,    2.530
1957-02-01,    1.080
1957-03-01,    0.420
1957-04-01,   -0.620
1957-05-01,   -0.840
1957-06-01,   -0.800
1957-07-01,   -0.480
1957-08-01,    0.700
1957-09-01,   -1.560
1957-10-01,    1.070
1957-11-01,   -1.590
1957-12-01,   -0.120
1958-01-01,    0.370
1958-02-01,   -0.030
1958-03-01,   -1.280
1958-04-01,    1.790
1958-05-01,    1.100
1958-06-01,   -1.440
1958-07-01,   -0.200
1958-08-01,    0.980
1958-09-01,   -0.230
1958-10-01,    1.650
1958-11-01,    0.430
1958-12-01,   -1.700
1959-01-01,   -1.150
1959-02-01,    2.460
1959-03-01,    1.820
1959-04-01,    1.510
1959-05-01,   -2.220
1959-06-01,    1.510
1959-07-01,    0.290
1959-08-01,    0.020
1959-09-01,   -1.810
1959-10-01,    1.510
1959-11-01,   -0.040
1959-12-01,    1.980
1960-01-01,   -0.700
1960-02-01,   -1.000
1960-03-01,   -0.870
1960-04-01,    1.930
1960-05-01,    0.070
1960-06-01,   -0.410
1960-07-01,    0.180
1960-08-01,   -1.840
1960-09-01,    0.240
1960-10-01,   -3.080
1960-11-01,    1.400
1960-12-01,    0.460
1961-01-01,    1.460
1961-02-01,    4.060
1961-03-01,    2.080
1961-04-01,    0.710
1961-05-01,   -0.940
1961-06-01,    2.130
1961-07-01,    0.630
1961-08-01,    3.380
1961-09-01,    2.010
1961-10-01,    1.000
1961-11-01,   -2.150
1961-12-01,   -1.720
1962-01-01,    2.440
1962-02-01,    0.770
1962-03-01,   -3.780
1962-04-01,    0.740
1962-05-01,   -0.100
1962-06-01,    1.410
1962-07-01,   -2.100
1962-08-01,    2.280
1962-09-01,    0.020
1962-10-01,   -0.340
1962-11-01,   -2.230
1962-12-01,   -0.660
1963-01-01,   -4.090
1963-02-01,   -1.900
1963-03-01,    2.790
1963-04-01,   -0.460
1963-05-01,    1.910
1963-06-01,   -1.770
1963-07-01,   -0.650
1963-08-01,   -0.960
1963-09-01,    0.940
1963-10-01,    2.790
1963-11-01,   -0.150
1963-12-01,   -3.090
1964-01-01,    0.930
1964-02-01,   -0.130
1964-03-01,   -0.770
1964-04-01,    0.950
1964-05-01,    2.510
1964-06-01,   -1.850
1964-07-01,    2.440
1964-08-01,   -2.460
1964-09-01,    0.500
1964-10-01,    0.630
1964-11-01,    1.330
1964-12-01,   -1.240
1965-01-01,    0.010
1965-02-01,   -3.030
1965-03-01,    0.230
1965-04-01,    2.140
1965-05-01,   -0.080
1965-06-01,    0.870
1965-07-01,   -1.710
1965-08-01,    1.590
1965-09-01,   -1.010
1965-10-01,   -1.260
1965-11-01,   -1.780
1965-12-01,    1.240
1966-01-01,   -1.010
1966-02-01,   -0.380
1966-03-01,    1.050
1966-04-01,    1.180
1966-05-01,    1.510
1966-06-01,    0.820
1966-07-01,   -1.990
1966-08-01,   -2.030
1966-09-01,   -0.470
1966-10-01,   -2.890
1966-11-01,   -0.070
1966-12-01,    1.680
1967-01-01,    0.040
1967-02-01,    1.700
1967-03-01,    3.000
1967-04-01,   -0.760
1967-05-01,   -0.460
1967-06-01,    1.960
1967-07-01,    1.440
1967-08-01,   -0.410
1967-09-01,    0.320
1967-10-01,    1.340
1967-11-01,   -0.910
1967-12-01,   -0.530
1968-01-01,    1.650
1968-02-01,   -1.530
1968-03-01,    0.340
1968-04-01,   -0.710
1968-05-01,   -1.500
1968-06-01,    0.950
1968-07-01,   -1.960
1968-08-01,   -1.450
1968-09-01,    0.500
1968-10-01,    0.030
1968-11-01,   -2.000
1968-12-01,   -1.730
1969-01-01,   -1.640
1969-02-01,   -3.160
1969-03-01,   -1.810
1969-04-01,    1.110
1969-05-01,   -0.230
1969-06-01,   -1.170
1969-07-01,    3.700
1969-08-01,   -1.620
1969-09-01,    0.380
1969-10-01,    0.700
1969-11-01,   -1.280
1969-12-01,   -0.260
1970-01-01,   -1.160
1970-02-01,    1.100
1970-03-01,   -1.780
1970-04-01,    2.520
1970-05-01,    1.870
1970-06-01,   -0.110
1970-07-01,    0.270
1970-08-01,   -0.200
1970-09-01,    0.470
1970-10-01,   -0.000
1970-11-01,    0.760
1970-12-01,   -1.580
1971-01-01,   -0.430
1971-02-01,    1.210
1971-03-01,   -1.760
1971-04-01,   -3.150
1971-05-01,   -0.620
1971-06-01,   -1.320
1971-07-01,   -1.040
1971-08-01,    0.070
1971-09-01,   -0.540
1971-10-01,    1.630
1971-11-01,   -1.460
1971-12-01,    0.760
1972-01-01,   -0.520
1972-02-01,   -0.200
1972-03-01,    0.260
1972-04-01,    0.220
1972-05-01,    1.240
1972-06-01,    1.070
1972-07-01,    0.410
1972-08-01,    0.110
1972-09-01,   -4.110
1972-10-01,   -1.740
1972-11-01,    0.640
1972-12-01,    2.110
1973-01-01,    1.370
1973-02-01,    1.220
1973-03-01,    1.040
1973-04-01,   -2.610
1973-05-01,    0.370
1973-06-01,    0.830
1973-07-01,   -1.850
1973-08-01,    2.320
1973-09-01,   -0.790
1973-10-01,   -1.030
1973-11-01,   -0.260
1973-12-01,   -1.650
1974-01-01,    3.750
1974-02-01,    0.680
1974-03-01,   -0.810
1974-04-01,   -2.300
1974-05-01,   -0.010
1974-06-01,   -0.140
1974-07-01,    2.070
1974-08-01,    0.890
1974-09-01,    0.110
1974-10-01,   -1.440
1974-11-01,    1.270
1974-12-01,    3.060
1975-01-01,    2.430
1975-02-01,    0.400
1975-03-01,   -1.260
1975-04-01,   -0.840
1975-05-01,   -2.420
1975-06-01,    0.180
1975-07-01,    0.630
1975-08-01,    0.080
1975-09-01,    1.750
1975-10-01,    0.390
1975-11-01,    0.860
1975-12-01,   -1.570
1976-01-01,    0.750
1976-02-01,    1.290
1976-03-01,    1.870
1976-04-01,   -1.530
1976-05-01,    1.200
1976-06-01,    1.760
1976-07-01,   -0.570
1976-08-01,    0.620
1976-09-01,   -3.460
1976-10-01,   -0.640
1976-11-01,    1.500
1976-12-01,   -3.630
1977-01-01,   -2.360
1977-02-01,    0.280
1977-03-01,    1.330
1977-04-01,    1.070
1977-05-01,   -1.620
1977-06-01,   -0.890
1977-07-01,   -1.140
1977-08-01,   -1.420
1977-09-01,    1.640
1977-10-01,    0.450
1977-11-01,    0.370
1977-12-01,   -0.250
1978-01-01,    0.460
1978-02-01,   -1.990
1978-03-01,    3.100
1978-04-01,   -3.120
1978-05-01,    0.370
1978-06-01,    0.140
1978-07-01,   -0.330
1978-08-01,    0.050
1978-09-01,    1.960
1978-10-01,    0.020
1978-11-01,    3.910
1978-12-01,   -2.080
1979-01-01,   -3.220
1979-02-01,   -0.620
1979-03-01,    0.540
1979-04-01,   -0.790
1979-05-01,    1.000
1979-06-01,    0.450
1979-07-01,    2.530
1979-08-01,   -0.850
1979-09-01,    1.120
1979-10-01,   -1.950
1979-11-01,    1.950
1979-12-01,    2.070
1980-01-01,   -1.800
1980-02-01,    0.700
1980-03-01,   -0.680
1980-04-01,    0.030
1980-05-01,   -2.260
1980-06-01,   -0.210
1980-07-01,   -0.910
1980-08-01,    0.300
1980-09-01,    1.720
1980-10-01,   -0.870
1980-11-01,   -2.060
1980-12-01,    1.550
1981-01-01,    1.000
1981-02-01,    1.040
1981-03-01,    0.010
1981-04-01,   -3.040
1981-05-01,    0.050
1981-06-01,   -1.570
1981-07-01,    1.740
1981-08-01,    1.010
1981-09-01,    0.270
1981-10-01,   -1.060
1981-11-01,    1.660
1981-12-01,   -2.200
1982-01-01,   -0.720
1982-02-01,    2.250
1982-03-01,    1.660
1982-04-01,   -0.990
1982-05-01,    1.100
1982-06-01,   -1.860
1982-07-01,   -0.650
1982-08-01,    1.450
1982-09-01,    1.080
1982-10-01,    0.320
1982-11-01,    1.710
1982-12-01,    2.640
1983-01-01,    4.820
1983-02-01,   -1.250
1983-03-01,    1.790
1983-04-01,   -1.010
1983-05-01,   -0.570
1983-06-01,    0.540
1983-07-01,   -0.750
1983-08-01,    0.560
1983-09-01,   -0.650
1983-10-01,    2.060
1983-11-01,   -2.280
1983-12-01,    0.830
1984-01-01,    2.530
1984-02-01,    1.730
1984-03-01,   -2.120
1984-04-01,    0.330
1984-05-01,   -2.340
1984-06-01,    0.330
1984-07-01,    0.930
1984-08-01,    1.000
1984-09-01,   -1.310
1984-10-01,    1.660
1984-11-01,   -1.160
1984-12-01,    1.520
1985-01-01,   -2.870
1985-02-01,   -0.240
1985-03-01,    0.070
1985-04-01,    0.340
1985-05-01,   -2.130
1985-06-01,   -1.080
1985-07-01,    1.090
1985-08-01,    2.330
1985-09-01,    0.000
1985-10-01,    0.140
1985-11-01,   -2.850
1985-12-01,   -0.430
1986-01-01,    1.460
1986-02-01,   -4.020
1986-03-01,    2.860
1986-04-01,   -0.930
1986-05-01,    2.160
1986-06-01,   -1.290
1986-07-01,    0.880
1986-08-01,   -2.210
1986-09-01,   -1.340
1986-10-01,    2.270
1986-11-01,    3.410
1986-12-01,    3.420
1987-01-01,   -2.120
1987-02-01,   -0.240
1987-03-01,    0.290
1987-04-01,    2.590
1987-05-01,   -0.810
1987-06-01,   -0.580
1987-07-01,   -1.250
1987-08-01,   -2.990
1987-09-01,    1.270
1987-10-01,   -0.800
1987-11-01,   -0.670
1987-12-01,   -0.810
1988-01-01,    0.530
1988-02-01,   -0.110
1988-03-01,    0.780
1988-04-01,   -2.390
1988-05-01,   -1.240
1988-06-01,   -2.750
1988-07-01,    1.460
1988-08-01,    0.730
1988-09-01,    0.800
1988-10-01,   -2.020
1988-11-01,   -1.470
1988-12-01,    1.850
1989-01-01,    3.530
1989-02-01,    3.610
1989-03-01,    2.450
1989-04-01,   -0.480
1989-05-01,    1.160
1989-06-01,   -0.530
1989-07-01,    0.580
1989-08-01,    1.760
1989-09-01,   -0.960
1989-10-01,    0.880
1989-11-01,   -2.970
1989-12-01,   -2.230
1990-01-01,    3.500
1990-02-01,    5.110
1990-03-01,    3.110
1990-04-01,    1.770
1990-05-01,   -1.190
1990-06-01,    0.420
1990-07-01,    1.430
1990-08-01,    3.310
1990-09-01,   -0.990
1990-10-01,   -0.590
1990-11-01,   -1.480
1990-12-01,    0.340
1991-01-01,    1.870
1991-02-01,   -0.020
1991-03-01,   -1.370
1991-04-01,    1.480
1991-05-01,   -0.040
1991-06-01,   -0.310
1991-07-01,   -0.280
1991-08-01,    2.710
1991-09-01,   -1.120
1991-10-01,   -1.770
1991-11-01,    1.680
1991-12-01,    1.240
1992-01-01,    0.640
1992-02-01,    3.180
1992-03-01,    1.660
1992-04-01,    1.320
1992-05-01,    0.790
1992-06-01,   -1.740
1992-07-01,    1.040
1992-08-01,    3.970
1992-09-01,    0.990
1992-10-01,   -3.330
1992-11-01,    4.520
1992-12-01,    0.210
1993-01-01,    3.910
1993-02-01,    0.110
1993-03-01,    1.470
1993-04-01,    0.830
1993-05-01,   -2.590
1993-06-01,    0.160
1993-07-01,    0.640
1993-08-01,    0.750
1993-09-01,   -2.600
1993-10-01,   -4.130
1993-11-01,    0.770
1993-12-01,    2.170
1994-01-01,    1.280
1994-02-01,    0.070
1994-03-01,    3.680
1994-04-01,    1.380
1994-05-01,   -1.430
1994-06-01,    2.980
1994-07-01,   -0.090
1994-08-01,   -1.590
1994-09-01,   -2.850
1994-10-01,   -1.880
1994-11-01,    1.680
1994-12-01,    2.860
1995-01-01,    2.700
1995-02-01,    3.130
1995-03-01,    1.060
1995-04-01,   -1.810
1995-05-01,   -0.360
1995-06-01,   -3.360
1995-07-01,   -0.960
1995-08-01,   -1.330
1995-09-01,   -1.550
1995-10-01,    1.220
1995-11-01,   -2.730
1995-12-01,   -3.330
1996-01-01,   -3.270
1996-02-01,   -0.120
1996-03-01,   -2.570
1996-04-01,   -0.310
1996-05-01,   -1.500
1996-06-01,    1.430
1996-07-01,    1.470
1996-08-01,   -0.190
1996-09-01,   -2.230
1996-10-01,   -0.070
1996-11-01,   -0.050
1996-12-01,   -4.700
1997-01-01,   -1.950
1997-02-01,    5.260
1997-03-01,    2.090
1997-04-01,   -0.970
1997-05-01,   -1.350
1997-06-01,   -4.050
1997-07-01,    1.180
1997-08-01,    1.780
1997-09-01,   -0.670
1997-10-01,   -2.260
1997-11-01,   -0.990
1997-12-01,   -0.200
1998-01-01,   -0.280
1998-02-01,    2.440
1998-03-01,    1.240
1998-04-01,   -0.390
1998-05-01,   -1.260
1998-06-01,   -0.850
1998-07-01,   -0.570
1998-08-01,    1.800
1998-09-01,   -3.480
1998-10-01,    1.340
1998-11-01,    1.130
1998-12-01,    1.950
1999-01-01,    0.900
1999-02-01,    1.800
1999-03-01,   -0.720
1999-04-01,    0.430
1999-05-01,    1.030
1999-06-01,    1.390
1999-07-01,   -1.850
1999-08-01,   -3.670
1999-09-01,   -0.510
1999-10-01,   -0.690
1999-11-01,    0.300
1999-12-01,    2.130
2000-01-01,    0.350
2000-02-01,    4.370
2000-03-01,    0.540
2000-04-01,   -3.340
2000-05-01,    0.310
2000-06-01,    0.890
2000-07-01,   -2.990
2000-08-01,    0.780
2000-09-01,   -1.100
2000-10-01,    1.370
2000-11-01,   -0.240
2000-12-01,   -1.410
2001-01-01,    0.020
2001-02-01,    0.070
2001-03-01,   -0.680
2001-04-01,    1.240
2001-05-01,   -0.090
2001-06-01,   -1.330
2001-07-01,   -1.120
2001-08-01,    1.640
2001-09-01,   -3.830
2001-10-01,    0.880
2001-11-01,    0.010
2001-12-01,   -2.250
2002-01-01,    2.310
2002-02-01,    3.010
2002-03-01,    0.090
2002-04-01,    0.910
2002-05-01,   -0.050
2002-06-01,    0.900
2002-07-01,   -0.710
2002-08-01,   -0.610
2002-09-01,   -3.580
2002-10-01,   -1.500
2002-11-01,   -0.270
2002-12-01,   -0.980
2003-01-01,    0.150
2003-02-01,    1.340
2003-03-01,    1.080
2003-04-01,   -1.740
2003-05-01,    1.170
2003-06-01,   -0.860
2003-07-01,    0.090
2003-08-01,   -0.990
2003-09-01,    0.350
2003-10-01,   -3.680
2003-11-01,    0.310
2003-12-01,   -0.850
2004-01-01,    0.200
2004-02-01,   -1.230
2004-03-01,    1.070
2004-04-01,    1.080
2004-05-01,   -0.670
2004-06-01,   -0.380
2004-07-01,   -0.300
2004-08-01,   -0.760
2004-09-01,    2.510
2004-10-01,   -2.180
2004-11-01,   -0.550
2004-12-01,    1.270
2005-01-01,    1.820
2005-02-01,   -2.250
2005-03-01,   -1.290
2005-04-01,    0.710
2005-05-01,   -0.130
2005-06-01,   -1.000
2005-07-01,   -0.080
2005-08-01,    0.940
2005-09-01,    0.500
2005-10-01,   -0.450
2005-11-01,   -1.010
2005-12-01,   -0.810
2006-01-01,   -0.100
2006-02-01,   -1.240
2006-03-01,   -1.120
2006-04-01,    0.570
2006-05-01,   -0.220
2006-06-01,   -0.410
2006-07-01,    0.830
2006-08-01,   -2.470
2006-09-01,   -1.020
2006-10-01,   -1.970
2006-11-01,    2.000
2006-12-01,    3.030
2007-01-01,    1.760
2007-02-01,    0.420
2007-03-01,    2.030
2007-04-01,   -0.100
2007-05-01,    0.620
2007-06-01,   -3.340
2007-07-01,   -1.050
2007-08-01,   -3.410
2007-09-01,   -1.180
2007-10-01,   -0.020
2007-11-01,   -1.670
2007-12-01,    1.360
2008-01-01,    1.850
2008-02-01,    1.790
2008-03-01,    0.370
2008-04-01,   -2.020
2008-05-01,   -3.260
2008-06-01,   -1.620
2008-07-01,   -1.130
2008-08-01,   -0.210
2008-09-01,   -2.070
2008-10-01,    0.010
2008-11-01,   -1.300
2008-12-01,   -0.580
2009-01-01,    0.600
2009-02-01,   -1.430
2009-03-01,    0.150
2009-04-01,    1.740
2009-05-01,    1.520
2009-06-01,   -3.050
2009-07-01,   -0.920
2009-08-01,    1.070
2009-09-01,   -0.630
2009-10-01,   -1.530
2009-11-01,    1.680
2009-12-01,   -3.730
2010-01-01,   -2.380
2010-02-01,   -3.920
2010-03-01,   -0.800
2010-04-01,   -1.030
2010-05-01,   -1.660
2010-06-01,   -3.650
2010-07-01,    0.060
2010-08-01,   -2.010
2010-09-01,   -2.380
2010-10-01,   -2.410
2010-11-01,   -3.340
2010-12-01,   -4.610
2011-01-01,   -1.380
2011-02-01,    2.790
2011-03-01,   -0.170
2011-04-01,    2.390
2011-05-01,    1.080
2011-06-01,   -1.580
2011-07-01,   -3.390
2011-08-01,   -2.410
2011-09-01,    2.970
2011-10-01,    1.310
2011-11-01,    0.740
2011-12-01,    3.200
2012-01-01,    2.050
2012-02-01,    1.280
2012-03-01,    1.780
2012-04-01,   -2.360
2012-05-01,   -0.830
2012-06-01,   -2.580
2012-07-01,   -1.310
2012-08-01,   -0.440
2012-09-01,   -1.440
2012-10-01,   -3.210
2012-11-01,   -1.110
2012-12-01,    0.600
2013-01-01,    1.080
2013-02-01,   -0.260
2013-03-01,   -3.750
2013-04-01,    0.030
2013-05-01,    1.230
2013-06-01,    1.400
2013-07-01,    2.520
2013-08-01,    2.160
2013-09-01,   -0.570
2013-10-01,   -0.360
2013-11-01,    0.040
2013-12-01,    3.540
2014-01-01,    0.710
2014-02-01,    2.320
2014-03-01,    1.640
2014-04-01,    0.840
2014-05-01,   -0.080
2014-06-01,   -1.980
2014-07-01,    0.910
2014-08-01,   -1.140
2014-09-01,   -2.100
2014-10-01,    0.310
2014-11-01,   -2.170
2014-12-01,    1.890
2015-01-01,    2.810
2015-02-01,    1.470
2015-03-01,    1.990
2015-04-01,    1.030
2015-05-01,    2.090
2015-06-01,    0.280
2015-07-01,   -2.160
2015-08-01,    1.470
2015-09-01,   -1.650
2015-10-01,   -1.130
2015-11-01,    3.540
2015-12-01,    4.220
2016-01-01,    1.170
2016-02-01,    1.610
2016-03-01,    0.330
2016-04-01,   -2.060
2016-05-01,   -0.830
2016-06-01,   -1.270
2016-07-01,    2.190
2016-08-01,    2.140
2016-09-01,    2.450
2016-10-01,   -1.470
2016-11-01,   -1.610
2016-12-01,    2.100
2017-01-01,    0.170
2017-02-01,    1.380
2017-03-01,    1.050
2017-04-01,    1.500
2017-05-01,    0.380
2017-06-01,   -0.550
2017-07-01,    0.100
2017-08-01,   -0.040
2017-09-01,    1.420
2017-10-01,    1.360
2017-11-01,   -0.900
2017-12-01,    1.000
2018-01-01,    1.820
2018-02-01,   -0.100
2018-03-01,   -1.120
2018-04-01,    2.370
2018-05-01,    2.010
2018-06-01,   -1.400
2018-07-01,    3.830
2018-08-01,    1.260
2018-09-01,    0.450
2018-10-01,   -1.170
2018-11-01,   -1.280
2018-12-01,    1.930
2019-01-01,   -0.360
2019-02-01,    1.900
2019-03-01,    2.390
2019-04-01,    1.700
2019-05-01,    2.050
2019-06-01,   -2.820
2019-07-01,   -2.790
2019-08-01,    0.100
2019-09-01,   -0.320
2019-10-01,   -1.110
2019-11-01,   -1.840
2019-12-01,    0.740
2020-01-01,    3.110
2020-02-01,    4.700
2020-03-01,    0.360
2020-04-01,   -0.710
2020-05-01,   -0.090
2020-06-01,   -1.520
2020-07-01,   -1.230
2020-08-01,   -1.360
2020-09-01,    0.490
2020-10-01,   -0.190
2020-11-01,    1.250
2020-12-01,   -0.780
2021-01-01,   -1.570
2021-02-01,    0.500
2021-03-01,    0.720
2021-04-01,   -3.310
2021-05-01,   -0.340
2021-06-01,    0.350
2021-07-01,   -1.590
2021-08-01,   -2.440
2021-09-01,   -0.160
2021-10-01,    0.490
2021-11-01,   -1.100
2021-12-01,    0.370
2022-01-01,    1.460
2022-02-01,    3.340
2022-03-01,   -0.330
2022-04-01,   -2.300
2022-05-01,    2.070
2022-06-01,   -0.340
2022-07-01,    0.600
2022-08-01,   -1.700
2022-09-01,   -3.730
2022-10-01,    0.860
2022-11-01,    2.370
2022-12-01,   -3.060
2023-01-01,    1.210
2023-02-01,    1.300
2023-03-01,   -0.590
2023-04-01,   -0.700
2023-05-01,    0.040
2023-06-01,   -2.900
2023-07-01,   -1.770
2023-08-01,   -1.750
2023-09-01,   -0.650
2023-10-01,   -1.230
2023-11-01,   -0.430
2023-12-01,    0.670
2024-01-01,    0.880
2024-02-01,    2.060
2024-03-01,   -0.720
2024-04-01,    0.280
2024-05-01,   -0.160
2024-06-01,   -1.450
2024-07-01,   -0.710
2024-08-01,    1.880
2024-09-01,   -4.190
2024-10-01,   -0.830
2024-11-01,   -0.500
2024-12-01,    1.280
2025-01-01,    0.420
2025-02-01,    1.640
2025-03-01,   -1.450
2025-04-01,   -1.600
2025-05-01,    0.050
2025-06-01,    2.220
2025-07-01,-9999.000
2025-08-01,-9999.000
2025-09-01,-9999.000
2025-10-01,-9999.000
2025-11-01,-9999.000
2025-12-01,-9999.000
