ambit,teleconnexio,fase_a,fase_b,variable_booleana,n_a,n_b,events_a,events_b,rate_a_pct,rate_b_pct,diff_el_nino_minus_la_nina_pct,chi2_p,abs_diff_pct,subregio,estacio,periode,q_fdr
subregio_estacio,roni,La Nina,El Nino,mes_molt_fred,27,31,0,8,0.0,25.806451612903224,25.806451612903224,0.013843821550294773,25.806451612903224,Catalunya_Balears,Summer,,0.5329871296863488
subregio_estacio,roni,La Nina,El Nino,mes_molt_humit,34,30,13,4,38.23529411764706,13.333333333333334,-24.901960784313722,0.049149212337364336,24.901960784313722,Golf_Lleo,Spring,,0.925029678159054
subregio_estacio,roni,La Nina,El Nino,sol_molt_sec,39,37,18,8,46.15384615384615,21.62162162162162,-24.532224532224532,0.044287822536779445,24.532224532224532,Llevant_Iberic,Autumn,,0.925029678159054
subregio_estacio,roni,La Nina,El Nino,mes_molt_humit,34,30,8,0,23.52941176470588,0.0,-23.52941176470588,0.013832594507252069,23.52941176470588,Mediterrani_Central_Occidental,Spring,,0.5329871296863488
subregio_estacio,roni,La Nina,El Nino,sol_molt_sec,34,30,8,14,23.52941176470588,46.666666666666664,23.137254901960784,0.09275060798347545,23.137254901960784,Mediterrani_Central_Occidental,Spring,,1.0
subregio_estacio,roni,La Nina,El Nino,mes_molt_fred,27,31,0,7,0.0,22.58064516129032,22.58064516129032,0.025804660363517935,22.58064516129032,Mediterrani_Central_Occidental,Summer,,0.8278995199962004
subregio_estacio,roni,La Nina,El Nino,sol_molt_sec,39,37,14,5,35.8974358974359,13.513513513513514,-22.383922383922382,0.046868472522518474,22.383922383922382,Golf_Lleo,Autumn,,0.925029678159054
subregio_estacio,roni,La Nina,El Nino,sol_molt_humit,34,30,14,6,41.17647058823529,20.0,-21.17647058823529,0.12025665704538206,21.17647058823529,Llevant_Iberic,Spring,,1.0
subregio_estacio,roni,La Nina,El Nino,sol_molt_humit,34,30,14,6,41.17647058823529,20.0,-21.17647058823529,0.12025665704538206,21.17647058823529,Catalunya_Balears,Spring,,1.0
subregio_periode,roni,La Nina,El Nino,mes_molt_calid,45,24,15,13,33.33333333333333,54.166666666666664,20.833333333333332,0.15527621542599948,20.833333333333332,Golf_Lleo,,2011-2020,1.0
subregio_estacio,roni,La Nina,El Nino,mes_molt_humit,34,30,7,0,20.588235294117645,0.0,-20.588235294117645,0.02560502364025256,20.588235294117645,Catalunya_Balears,Spring,,0.8278995199962004
subregio_estacio,roni,La Nina,El Nino,sol_molt_sec,34,30,9,14,26.47058823529412,46.666666666666664,20.19607843137255,0.15580290541358519,20.19607843137255,Llevant_Iberic,Spring,,1.0
subregio_estacio,roni,La Nina,El Nino,sol_molt_sec,34,30,9,14,26.47058823529412,46.666666666666664,20.19607843137255,0.15580290541358519,20.19607843137255,Catalunya_Balears,Spring,,1.0
estacio,roni,La Nina,El Nino,sol_molt_humit,136,120,53,23,38.970588235294116,19.166666666666668,-19.80392156862745,0.0008879087351015177,19.80392156862745,,Spring,,0.11394828767136145
estacio,roni,La Nina,El Nino,mes_molt_fred,108,124,6,31,5.555555555555555,25.0,19.444444444444446,0.000115607502189205,19.444444444444446,,Summer,,0.02225444417142196
subregio_periode,roni,La Nina,El Nino,sol_molt_sec,45,24,10,10,22.22222222222222,41.66666666666667,19.444444444444446,0.15647634506756095,19.444444444444446,Mediterrani_Central_Occidental,,2011-2020,1.0
subregio_estacio,roni,La Nina,El Nino,mes_molt_calid,34,30,10,3,29.411764705882355,10.0,-19.411764705882355,0.10633590370615272,19.411764705882355,Golf_Lleo,Spring,,1.0
subregio_periode,roni,La Nina,El Nino,sol_molt_humit,35,29,14,6,40.0,20.689655172413794,-19.31034482758621,0.16506891488970388,19.31034482758621,Catalunya_Balears,,2001-2010,1.0
subregio_estacio,roni,La Nina,El Nino,mes_molt_humit,27,31,1,7,3.7037037037037033,22.58064516129032,18.876941457586618,0.08952746821075008,18.876941457586618,Golf_Lleo,Summer,,1.0
subregio_estacio,roni,La Nina,El Nino,sol_molt_humit,34,30,12,5,35.294117647058826,16.666666666666664,-18.62745098039216,0.1614693376740825,18.62745098039216,Mediterrani_Central_Occidental,Spring,,1.0
estacio,roni,La Nina,El Nino,mes_molt_humit,136,120,31,5,22.794117647058822,4.166666666666666,-18.627450980392158,4.1645120247773014e-05,18.627450980392158,,Spring,,0.01603337129539261
subregio_periode,roni,La Nina,El Nino,mes_molt_fred,30,34,9,4,30.0,11.76470588235294,-18.235294117647058,0.13409557399658012,18.235294117647058,Llevant_Iberic,,1981-1990,1.0
subregio_estacio,roni,La Nina,El Nino,sol_molt_humit,34,30,13,6,38.23529411764706,20.0,-18.235294117647054,0.1870850787613353,18.235294117647054,Golf_Lleo,Spring,,1.0
estacio,roni,La Nina,El Nino,sol_molt_sec,136,120,31,49,22.794117647058822,40.833333333333336,18.03921568627451,0.0029558702463503375,18.03921568627451,,Spring,,0.227602008968976
subregio_periode,roni,La Nina,El Nino,sol_molt_sec,35,29,7,11,20.0,37.93103448275862,17.93103448275862,0.19054107905771483,17.93103448275862,Catalunya_Balears,,2001-2010,1.0
subregio_periode,roni,La Nina,El Nino,sol_molt_humit,30,34,15,11,50.0,32.35294117647059,-17.64705882352941,0.23822594246634554,17.64705882352941,Llevant_Iberic,,1981-1990,1.0
subregio_estacio,roni,La Nina,El Nino,mes_molt_fred,27,31,4,10,14.814814814814813,32.25806451612903,17.44324970131422,0.214632148015876,17.44324970131422,Golf_Lleo,Summer,,1.0
subregio_periode,roni,La Nina,El Nino,sol_molt_sec,30,34,10,6,33.33333333333333,17.647058823529413,-15.68627450980392,0.24728770551081058,15.68627450980392,Catalunya_Balears,,1981-1990,1.0
subregio_periode,roni,La Nina,El Nino,mes_molt_fred,45,24,7,0,15.555555555555555,0.0,-15.555555555555555,0.10528512525217884,15.555555555555555,Golf_Lleo,,2011-2020,1.0
estacio,roni,La Nina,El Nino,sol_molt_sec,156,148,59,33,37.82051282051282,22.2972972972973,-15.523215523215523,0.004804312525921259,15.523215523215523,,Autumn,,0.30827672041328075
subregio_estacio,roni,La Nina,El Nino,mes_molt_calid,34,30,5,0,14.705882352941178,0.0,-14.705882352941178,0.08526518461991599,14.705882352941178,Mediterrani_Central_Occidental,Spring,,1.0
subregio_estacio,roni,La Nina,El Nino,mes_molt_calid,39,37,7,12,17.94871794871795,32.432432432432435,14.483714483714486,0.2330683443370089,14.483714483714486,Golf_Lleo,Autumn,,1.0
subregio_periode,roni,La Nina,El Nino,mes_molt_sec,45,24,3,5,6.666666666666667,20.833333333333336,14.166666666666666,0.17513749870439424,14.166666666666666,Mediterrani_Central_Occidental,,2011-2020,1.0
subregio_estacio,roni,La Nina,El Nino,mes_molt_sec,39,37,16,10,41.02564102564102,27.027027027027028,-13.998613998613996,0.29654622261217267,13.998613998613996,Golf_Lleo,Autumn,,1.0
subregio_periode,roni,La Nina,El Nino,mes_molt_sec,35,29,0,4,0.0,13.793103448275861,13.793103448275861,0.0800230508305946,13.793103448275861,Catalunya_Balears,,2001-2010,1.0
subregio_estacio,roni,La Nina,El Nino,sol_molt_humit,27,31,8,5,29.629629629629626,16.129032258064516,-13.500597371565112,0.36059915267882425,13.500597371565112,Llevant_Iberic,Summer,,1.0
estacio,roni,La Nina,El Nino,mes_molt_calid,136,120,24,5,17.647058823529413,4.166666666666666,-13.480392156862747,0.0013817497356523416,13.480392156862747,,Spring,,0.1329934120565379
subregio_periode,roni,La Nina,El Nino,mes_molt_calid,35,29,5,8,14.285714285714285,27.586206896551722,13.30049261083744,0.31515161630353206,13.30049261083744,Golf_Lleo,,2001-2010,1.0
subregio_periode,roni,La Nina,El Nino,sol_molt_humit,36,51,9,6,25.0,11.76470588235294,-13.23529411764706,0.18634773899925838,13.23529411764706,Mediterrani_Central_Occidental,,1991-2000,1.0
subregio_periode,roni,La Nina,El Nino,sol_molt_humit,30,34,11,8,36.666666666666664,23.52941176470588,-13.137254901960782,0.3822326871852406,13.137254901960782,Golf_Lleo,,1981-1990,1.0
subregio_periode,roni,La Nina,El Nino,mes_molt_humit,36,51,11,9,30.555555555555557,17.647058823529413,-12.908496732026146,0.24986685880982504,12.908496732026146,Golf_Lleo,,1991-2000,1.0
subregio_estacio,roni,La Nina,El Nino,mes_molt_calid,27,31,0,4,0.0,12.903225806451612,12.903225806451612,0.15707323081541594,12.903225806451612,Llevant_Iberic,Summer,,1.0
subregio_estacio,roni,La Nina,El Nino,mes_molt_calid,27,31,0,4,0.0,12.903225806451612,12.903225806451612,0.15707323081541594,12.903225806451612,Catalunya_Balears,Summer,,1.0
subregio_estacio,roni,La Nina,El Nino,mes_molt_fred,34,30,7,10,20.588235294117645,33.33333333333333,12.745098039215685,0.38515047580158623,12.745098039215685,Golf_Lleo,Spring,,1.0
subregio_periode,roni,La Nina,El Nino,mes_molt_sec,30,34,10,7,33.33333333333333,20.588235294117645,-12.745098039215685,0.38515047580158623,12.745098039215685,Golf_Lleo,,1981-1990,1.0
subregio_estacio,roni,La Nina,El Nino,mes_molt_fred,39,37,6,1,15.384615384615385,2.7027027027027026,-12.681912681912683,0.12998853652031545,12.681912681912683,Mediterrani_Central_Occidental,Autumn,,1.0
subregio_periode,roni,La Nina,El Nino,sol_molt_sec,45,24,15,5,33.33333333333333,20.833333333333336,-12.499999999999996,0.41710308340097546,12.499999999999996,Golf_Lleo,,2011-2020,1.0
subregio_periode,roni,La Nina,El Nino,mes_molt_sec,36,51,4,12,11.11111111111111,23.52941176470588,12.418300653594772,0.23341812701871192,12.418300653594772,Golf_Lleo,,1991-2000,1.0
subregio_periode,roni,La Nina,El Nino,sol_molt_humit,30,34,8,5,26.666666666666668,14.705882352941178,-11.960784313725489,0.3812805347999626,11.960784313725489,Mediterrani_Central_Occidental,,1981-1990,1.0
subregio_estacio,roni,La Nina,El Nino,mes_molt_fred,27,31,2,6,7.4074074074074066,19.35483870967742,11.947431302270012,0.35004568637132116,11.947431302270012,Llevant_Iberic,Summer,,1.0
subregio_periode,roni,La Nina,El Nino,mes_molt_sec,45,24,4,5,8.88888888888889,20.833333333333336,11.944444444444445,0.3040005103924942,11.944444444444445,Catalunya_Balears,,2011-2020,1.0
subregio_periode,roni,La Nina,El Nino,episodi_calid_i_sol_sec,45,24,4,5,8.88888888888889,20.833333333333336,11.944444444444445,0.3040005103924942,11.944444444444445,Catalunya_Balears,,2011-2020,1.0
subregio_periode,roni,La Nina,El Nino,mes_molt_calid,30,34,0,4,0.0,11.76470588235294,11.76470588235294,0.1547722012900712,11.76470588235294,Mediterrani_Central_Occidental,,1981-1990,1.0
periode,roni,La Nina,El Nino,mes_molt_calid,180,96,45,35,25.0,36.45833333333333,11.458333333333332,0.06301507782206436,11.458333333333332,,,2011-2020,0.9501416419511545
subregio_estacio,roni,La Nina,El Nino,mes_molt_humit,46,40,11,5,23.91304347826087,12.5,-11.413043478260871,0.2806693232324477,11.413043478260871,Golf_Lleo,Winter,,1.0
subregio_estacio,roni,La Nina,El Nino,mes_molt_calid,34,30,5,1,14.705882352941178,3.3333333333333335,-11.372549019607844,0.2593523160105215,11.372549019607844,Catalunya_Balears,Spring,,1.0
subregio_estacio,roni,La Nina,El Nino,mes_molt_humit,39,37,4,8,10.256410256410255,21.62162162162162,11.365211365211367,0.2967489109541917,11.365211365211367,Catalunya_Balears,Autumn,,1.0
subregio_estacio,roni,La Nina,El Nino,mes_molt_calid,39,37,3,7,7.6923076923076925,18.91891891891892,11.226611226611228,0.2679900856263742,11.226611226611228,Mediterrani_Central_Occidental,Autumn,,1.0
subregio_periode,roni,La Nina,El Nino,mes_molt_sec,30,34,6,3,20.0,8.823529411764707,-11.176470588235295,0.3558970541715336,11.176470588235295,Mediterrani_Central_Occidental,,1981-1990,1.0
subregio_periode,roni,La Nina,El Nino,mes_molt_calid,35,29,1,4,2.857142857142857,13.793103448275861,10.935960591133005,0.24810015745241432,10.935960591133005,Mediterrani_Central_Occidental,,2001-2010,1.0
estacio,roni,La Nina,El Nino,mes_molt_calid,108,124,3,17,2.7777777777777777,13.709677419354838,10.93189964157706,0.006434826665389268,10.93189964157706,,Summer,,0.35391546659640977
subregio_periode,roni,La Nina,El Nino,mes_molt_sec,30,34,5,2,16.666666666666664,5.88235294117647,-10.784313725490195,0.3280083872149201,10.784313725490195,Catalunya_Balears,,1981-1990,1.0
subregio_estacio,roni,La Nina,El Nino,sol_molt_sec,27,31,5,9,18.51851851851852,29.03225806451613,10.513739545997613,0.5314675278873747,10.513739545997613,Catalunya_Balears,Summer,,1.0
subregio_periode,roni,La Nina,El Nino,mes_molt_fred,36,51,4,11,11.11111111111111,21.568627450980394,10.457516339869283,0.3252906759359847,10.457516339869283,Llevant_Iberic,,1991-2000,1.0
subregio_periode,roni,La Nina,El Nino,sol_molt_sec,36,51,4,11,11.11111111111111,21.568627450980394,10.457516339869283,0.3252906759359847,10.457516339869283,Golf_Lleo,,1991-2000,1.0
subregio_estacio,roni,La Nina,El Nino,sol_molt_humit,46,40,14,8,30.434782608695656,20.0,-10.434782608695652,0.3906328449132601,10.434782608695652,Mediterrani_Central_Occidental,Winter,,1.0
subregio_periode,roni,La Nina,El Nino,mes_molt_fred,36,51,9,18,25.0,35.294117647058826,10.294117647058826,0.431330618185496,10.294117647058826,Golf_Lleo,,1991-2000,1.0
subregio_periode,roni,La Nina,El Nino,episodi_calid_i_sec,45,24,1,3,2.2222222222222223,12.5,10.277777777777777,0.23045468606919417,10.277777777777777,Catalunya_Balears,,2011-2020,1.0
subregio_periode,roni,La Nina,El Nino,sol_molt_humit,45,24,14,5,31.11111111111111,20.833333333333336,-10.277777777777777,0.5304275651174878,10.277777777777777,Mediterrani_Central_Occidental,,2011-2020,1.0
subregio_periode,roni,La Nina,El Nino,sol_molt_humit,35,29,12,7,34.285714285714285,24.137931034482758,-10.147783251231527,0.5420456141981242,10.147783251231527,Llevant_Iberic,,2001-2010,1.0
subregio_estacio,roni,La Nina,El Nino,mes_molt_sec,46,40,8,11,17.391304347826086,27.500000000000004,10.108695652173916,0.38622304474422486,10.108695652173916,Golf_Lleo,Winter,,1.0
subregio_estacio,roni,La Nina,El Nino,mes_molt_sec,34,30,0,3,0.0,10.0,10.0,0.1949164798318938,10.0,Catalunya_Balears,Spring,,1.0
subregio_periode,roni,La Nina,El Nino,sol_molt_humit,36,51,12,12,33.33333333333333,23.52941176470588,-9.80392156862745,0.4447763635854963,9.80392156862745,Golf_Lleo,,1991-2000,1.0
subregio_periode,roni,La Nina,El Nino,sol_molt_humit,45,24,5,5,11.11111111111111,20.833333333333336,9.722222222222223,0.46317561425634024,9.722222222222223,Golf_Lleo,,2011-2020,1.0
subregio_estacio,roni,La Nina,El Nino,mes_molt_fred,39,37,8,4,20.51282051282051,10.81081081081081,-9.7020097020097,0.39828846334337786,9.7020097020097,Catalunya_Balears,Autumn,,1.0
subregio_estacio,roni,La Nina,El Nino,mes_molt_sec,39,37,8,4,20.51282051282051,10.81081081081081,-9.7020097020097,0.39828846334337786,9.7020097020097,Catalunya_Balears,Autumn,,1.0
subregio_estacio,roni,La Nina,El Nino,episodi_calid_i_sol_sec,27,31,0,3,0.0,9.67741935483871,9.67741935483871,0.2865840515664675,9.67741935483871,Catalunya_Balears,Summer,,1.0
subregio_estacio,roni,La Nina,El Nino,episodi_fred_i_humit,27,31,0,3,0.0,9.67741935483871,9.67741935483871,0.2865840515664675,9.67741935483871,Golf_Lleo,Summer,,1.0
subregio_estacio,roni,La Nina,El Nino,sol_molt_humit,39,37,11,14,28.205128205128204,37.83783783783784,9.632709632709634,0.5162464008174166,9.632709632709634,Golf_Lleo,Autumn,,1.0
periode,roni,La Nina,El Nino,mes_molt_sec,120,136,23,13,19.166666666666668,9.558823529411764,-9.607843137254903,0.042707268194010016,9.607843137254903,,,1981-1990,0.925029678159054
subregio_periode,roni,La Nina,El Nino,sol_molt_sec,36,51,14,15,38.88888888888889,29.411764705882355,-9.477124183006536,0.4885222510143695,9.477124183006536,Llevant_Iberic,,1991-2000,1.0
subregio_estacio,roni,La Nina,El Nino,mes_molt_fred,39,37,10,6,25.64102564102564,16.216216216216218,-9.424809424809421,0.467913097344686,9.424809424809421,Golf_Lleo,Autumn,,1.0
subregio_estacio,roni,La Nina,El Nino,sol_molt_humit,39,37,9,12,23.076923076923077,32.432432432432435,9.355509355509357,0.5124550598317335,9.355509355509357,Llevant_Iberic,Autumn,,1.0
subregio_estacio,roni,La Nina,El Nino,sol_molt_humit,39,37,9,12,23.076923076923077,32.432432432432435,9.355509355509357,0.5124550598317335,9.355509355509357,Catalunya_Balears,Autumn,,1.0
subregio_estacio,roni,La Nina,El Nino,episodi_calid_i_sol_sec,27,31,1,4,3.7037037037037033,12.903225806451612,9.19952210274791,0.4376352006435239,9.19952210274791,Golf_Lleo,Summer,,1.0
subregio_estacio,roni,La Nina,El Nino,mes_molt_calid,27,31,1,4,3.7037037037037033,12.903225806451612,9.19952210274791,0.4376352006435239,9.19952210274791,Mediterrani_Central_Occidental,Summer,,1.0
subregio_periode,roni,La Nina,El Nino,mes_molt_calid,45,24,9,7,20.0,29.166666666666668,9.166666666666668,0.5755793167452874,9.166666666666668,Llevant_Iberic,,2011-2020,1.0
subregio_periode,roni,La Nina,El Nino,sol_molt_sec,36,51,8,16,22.22222222222222,31.372549019607842,9.150326797385622,0.4858188981992412,9.150326797385622,Catalunya_Balears,,1991-2000,1.0
subregio,roni,La Nina,El Nino,sol_molt_humit,146,138,44,29,30.136986301369863,21.014492753623188,-9.122493547746673,0.10471097349220634,9.122493547746673,Mediterrani_Central_Occidental,,,1.0
subregio_estacio,roni,La Nina,El Nino,sol_molt_humit,27,31,8,12,29.629629629629626,38.70967741935484,9.08004778972521,0.6535837807450675,9.08004778972521,Golf_Lleo,Summer,,1.0
estacio,roni,La Nina,El Nino,mes_molt_fred,156,148,31,16,19.871794871794872,10.81081081081081,-9.06098406098406,0.04281718390346424,9.06098406098406,,Autumn,,0.925029678159054
subregio_estacio,roni,La Nina,El Nino,mes_molt_sec,34,30,6,8,17.647058823529413,26.666666666666668,9.019607843137253,0.5699960728963258,9.019607843137253,Golf_Lleo,Spring,,1.0
subregio_estacio,roni,La Nina,El Nino,sol_molt_sec,39,37,13,9,33.33333333333333,24.324324324324326,-9.009009009009006,0.540163019119083,9.009009009009006,Catalunya_Balears,Autumn,,1.0
subregio_periode,roni,La Nina,El Nino,mes_molt_calid,45,24,11,8,24.444444444444443,33.33333333333333,8.888888888888888,0.6140203790987219,8.888888888888888,Catalunya_Balears,,2011-2020,1.0
estacio,roni,La Nina,El Nino,mes_molt_calid,156,148,22,34,14.102564102564102,22.972972972972975,8.870408870408871,0.0648734340722401,8.870408870408871,,Autumn,,0.9501416419511545
subregio_estacio,roni,La Nina,El Nino,episodi_fred_i_humit,34,30,3,0,8.823529411764707,0.0,-8.823529411764707,0.2828359061904258,8.823529411764707,Catalunya_Balears,Spring,,1.0
subregio_estacio,roni,La Nina,El Nino,episodi_fred_i_humit,34,30,3,0,8.823529411764707,0.0,-8.823529411764707,0.2828359061904258,8.823529411764707,Mediterrani_Central_Occidental,Spring,,1.0
periode,roni,La Nina,El Nino,episodi_calid_i_sol_sec,180,96,16,17,8.88888888888889,17.708333333333336,8.819444444444445,0.05045616426322113,8.819444444444445,,,2011-2020,0.925029678159054
subregio_estacio,roni,La Nina,El Nino,mes_molt_calid,27,31,2,5,7.4074074074074066,16.129032258064516,8.72162485065711,0.5398676024365796,8.72162485065711,Golf_Lleo,Summer,,1.0
periode,roni,La Nina,El Nino,sol_molt_humit,120,136,43,37,35.833333333333336,27.205882352941174,-8.62745098039216,0.1766822804920627,8.62745098039216,,,1981-1990,1.0
subregio_estacio,roni,La Nina,El Nino,sol_molt_sec,34,30,5,7,14.705882352941178,23.333333333333332,8.627450980392156,0.5744251207183635,8.627450980392156,Golf_Lleo,Spring,,1.0
subregio_estacio,roni,La Nina,El Nino,mes_molt_humit,39,37,3,6,7.6923076923076925,16.216216216216218,8.523908523908524,0.4269682837317801,8.523908523908524,Llevant_Iberic,Autumn,,1.0
periode,roni,La Nina,El Nino,mes_molt_calid,140,116,11,19,7.857142857142857,16.379310344827587,8.52216748768473,0.05547395715636626,8.52216748768473,,,2001-2010,0.9501416419511545
subregio_estacio,roni,La Nina,El Nino,mes_molt_sec,46,40,3,6,6.521739130434782,15.0,8.478260869565217,0.3534029541175977,8.478260869565217,Catalunya_Balears,Winter,,1.0
subregio_estacio,roni,La Nina,El Nino,mes_molt_sec,46,40,3,6,6.521739130434782,15.0,8.478260869565217,0.3534029541175977,8.478260869565217,Mediterrani_Central_Occidental,Winter,,1.0
subregio_estacio,roni,La Nina,El Nino,mes_molt_calid,34,30,4,1,11.76470588235294,3.3333333333333335,-8.431372549019608,0.43096578880341063,8.431372549019608,Llevant_Iberic,Spring,,1.0
subregio_estacio,roni,La Nina,El Nino,episodi_calid_i_sol_sec,39,37,1,4,2.564102564102564,10.81081081081081,8.246708246708248,0.3238350247853201,8.246708246708248,Mediterrani_Central_Occidental,Autumn,,1.0
subregio_periode,roni,La Nina,El Nino,sol_molt_sec,30,34,6,4,20.0,11.76470588235294,-8.23529411764706,0.5751201799644166,8.23529411764706,Golf_Lleo,,1981-1990,1.0
subregio_periode,roni,La Nina,El Nino,sol_molt_humit,30,34,9,13,30.0,38.23529411764706,8.235294117647058,0.6682825135347712,8.235294117647058,Catalunya_Balears,,1981-1990,1.0
subregio_periode,roni,La Nina,El Nino,sol_molt_sec,30,34,9,13,30.0,38.23529411764706,8.235294117647058,0.6682825135347712,8.235294117647058,Mediterrani_Central_Occidental,,1981-1990,1.0
estacio,roni,La Nina,El Nino,mes_molt_sec,184,160,15,26,8.152173913043478,16.25,8.097826086956522,0.031931171340815225,8.097826086956522,,Winter,,0.925029678159054
subregio_periode,roni,La Nina,El Nino,mes_molt_calid,35,29,2,4,5.714285714285714,13.793103448275861,8.078817733990148,0.500925321537161,8.078817733990148,Llevant_Iberic,,2001-2010,1.0
subregio_periode,roni,La Nina,El Nino,episodi_calid_i_sol_sec,45,24,2,3,4.444444444444445,12.5,8.055555555555555,0.4581980119761966,8.055555555555555,Mediterrani_Central_Occidental,,2011-2020,1.0
periode,roni,La Nina,El Nino,mes_molt_fred,144,204,23,49,15.972222222222221,24.019607843137255,8.047385620915035,0.09085687488026095,8.047385620915035,,,1991-2000,1.0
subregio_estacio,roni,La Nina,El Nino,episodi_calid_i_sec,34,30,5,2,14.705882352941178,6.666666666666667,-8.03921568627451,0.5306536357373206,8.03921568627451,Golf_Lleo,Spring,,1.0
subregio_estacio,roni,La Nina,El Nino,episodi_calid_i_sec,46,40,1,4,2.1739130434782608,10.0,7.82608695652174,0.27791674447311465,7.82608695652174,Golf_Lleo,Winter,,1.0
periode,roni,La Nina,El Nino,mes_molt_fred,180,96,14,0,7.777777777777778,0.0,-7.777777777777778,0.011849107888674694,7.777777777777778,,,2011-2020,0.5329871296863488
subregio_periode,roni,La Nina,El Nino,episodi_calid_i_sol_sec,45,24,4,4,8.88888888888889,16.666666666666664,7.777777777777777,0.5711354464545999,7.777777777777777,Llevant_Iberic,,2011-2020,1.0
subregio_periode,roni,La Nina,El Nino,sol_molt_humit,35,29,13,13,37.142857142857146,44.827586206896555,7.684729064039408,0.7132593557520606,7.684729064039408,Mediterrani_Central_Occidental,,2001-2010,1.0
subregio_periode,roni,La Nina,El Nino,mes_molt_fred,36,51,5,11,13.88888888888889,21.568627450980394,7.6797385620915035,0.5288860961223489,7.6797385620915035,Catalunya_Balears,,1991-2000,1.0
subregio_estacio,roni,La Nina,El Nino,mes_molt_fred,46,40,15,10,32.608695652173914,25.0,-7.608695652173914,0.5912651876690984,7.608695652173914,Golf_Lleo,Winter,,1.0
subregio_estacio,roni,La Nina,El Nino,sol_molt_sec,46,40,8,10,17.391304347826086,25.0,7.608695652173914,0.5489019435089983,7.608695652173914,Mediterrani_Central_Occidental,Winter,,1.0
estacio,roni,La Nina,El Nino,mes_molt_sec,156,148,34,21,21.794871794871796,14.18918918918919,-7.605682605682606,0.11577060479421701,7.605682605682606,,Autumn,,1.0
subregio_periode,roni,La Nina,El Nino,episodi_calid_i_sol_sec,45,24,6,5,13.333333333333334,20.833333333333336,7.500000000000001,0.6416995819498583,7.500000000000001,Golf_Lleo,,2011-2020,1.0
subregio_estacio,roni,La Nina,El Nino,episodi_calid_i_sec,46,40,0,3,0.0,7.5,7.5,0.19306678723482532,7.5,Mediterrani_Central_Occidental,Winter,,1.0
subregio_periode,roni,La Nina,El Nino,episodi_fred_i_humit,30,34,4,2,13.333333333333334,5.88235294117647,-7.450980392156863,0.5546430682260655,7.450980392156863,Golf_Lleo,,1981-1990,1.0
subregio_estacio,roni,La Nina,El Nino,mes_molt_sec,39,37,6,3,15.384615384615385,8.108108108108109,-7.276507276507277,0.5312057867863316,7.276507276507277,Mediterrani_Central_Occidental,Autumn,,1.0
subregio_periode,roni,La Nina,El Nino,episodi_fred_i_humit,30,34,3,1,10.0,2.941176470588235,-7.0588235294117645,0.5177862052646542,7.0588235294117645,Catalunya_Balears,,1981-1990,1.0
subregio_periode,roni,La Nina,El Nino,episodi_fred_i_humit,30,34,3,1,10.0,2.941176470588235,-7.0588235294117645,0.5177862052646542,7.0588235294117645,Mediterrani_Central_Occidental,,1981-1990,1.0
subregio_periode,roni,La Nina,El Nino,mes_molt_humit,35,29,6,7,17.142857142857142,24.137931034482758,6.9950738916256165,0.7036977225641783,6.9950738916256165,Catalunya_Balears,,2001-2010,1.0
subregio_estacio,roni,La Nina,El Nino,mes_molt_calid,46,40,6,8,13.043478260869565,20.0,6.956521739130436,0.5627237252340845,6.956521739130436,Mediterrani_Central_Occidental,Winter,,1.0
subregio_periode,roni,La Nina,El Nino,mes_molt_calid,45,24,10,7,22.22222222222222,29.166666666666668,6.944444444444447,0.730617980386836,6.944444444444447,Mediterrani_Central_Occidental,,2011-2020,1.0
estacio,roni,La Nina,El Nino,sol_molt_humit,156,148,44,52,28.205128205128204,35.13513513513514,6.9300069300069325,0.23966240850307244,6.9300069300069325,,Autumn,,1.0
periode,roni,La Nina,El Nino,mes_molt_sec,140,116,6,13,4.285714285714286,11.206896551724139,6.921182266009852,0.062388371168219624,6.921182266009852,,,2001-2010,0.9501416419511545
subregio_periode,roni,La Nina,El Nino,mes_molt_sec,35,29,0,2,0.0,6.896551724137931,6.896551724137931,0.39150061401109715,6.896551724137931,Llevant_Iberic,,2001-2010,1.0
subregio_periode,roni,La Nina,El Nino,episodi_calid_i_sec,35,29,0,2,0.0,6.896551724137931,6.896551724137931,0.39150061401109715,6.896551724137931,Catalunya_Balears,,2001-2010,1.0
subregio_periode,roni,La Nina,El Nino,sol_molt_sec,45,24,18,8,40.0,33.33333333333333,-6.6666666666666705,0.7768086059073889,6.6666666666666705,Llevant_Iberic,,2011-2020,1.0
subregio_periode,roni,La Nina,El Nino,mes_molt_fred,45,24,3,0,6.666666666666667,0.0,-6.666666666666667,0.5005565178349584,6.666666666666667,Catalunya_Balears,,2011-2020,1.0
subregio_periode,roni,La Nina,El Nino,episodi_calid_i_sol_sec,30,34,2,0,6.666666666666667,0.0,-6.666666666666667,0.41805107365958694,6.666666666666667,Golf_Lleo,,1981-1990,1.0
periode,roni,La Nina,El Nino,episodi_calid_i_sec,180,96,7,10,3.888888888888889,10.416666666666668,6.527777777777779,0.05935241733271994,6.527777777777779,,,2011-2020,0.9501416419511545
periode,roni,La Nina,El Nino,mes_molt_fred,120,136,29,24,24.166666666666668,17.647058823529413,-6.519607843137254,0.2583979923339958,6.519607843137254,,,1981-1990,1.0
subregio_estacio,roni,La Nina,El Nino,mes_molt_humit,27,31,0,2,0.0,6.451612903225806,6.451612903225806,0.5340436817762562,6.451612903225806,Catalunya_Balears,Summer,,1.0
subregio_estacio,roni,La Nina,El Nino,episodi_fred_i_humit,27,31,0,2,0.0,6.451612903225806,6.451612903225806,0.5340436817762562,6.451612903225806,Catalunya_Balears,Summer,,1.0
subregio_periode,roni,La Nina,El Nino,mes_molt_sec,35,29,5,6,14.285714285714285,20.689655172413794,6.403940886699508,0.7314543361407839,6.403940886699508,Golf_Lleo,,2001-2010,1.0
subregio_periode,roni,La Nina,El Nino,sol_molt_sec,45,24,14,9,31.11111111111111,37.5,6.388888888888888,0.7886260925408413,6.388888888888888,Catalunya_Balears,,2011-2020,1.0
subregio,roni,La Nina,El Nino,sol_molt_sec,146,138,33,40,22.602739726027394,28.985507246376812,6.382767520349416,0.2737900994628978,6.382767520349416,Mediterrani_Central_Occidental,,,1.0
estacio,roni,La Nina,El Nino,episodi_calid_i_sol_sec,108,124,1,9,0.9259259259259258,7.258064516129033,6.332138590203106,0.04087224425405081,6.332138590203106,,Summer,,0.925029678159054
periode,roni,La Nina,El Nino,episodi_fred_i_humit,120,136,12,5,10.0,3.6764705882352944,-6.323529411764706,0.07569115853877369,6.323529411764706,,,1981-1990,1.0
subregio_estacio,roni,La Nina,El Nino,mes_molt_calid,39,37,6,8,15.384615384615385,21.62162162162162,6.237006237006238,0.685434948183985,6.237006237006238,Llevant_Iberic,Autumn,,1.0
estacio,roni,La Nina,El Nino,mes_molt_humit,108,124,2,10,1.8518518518518516,8.064516129032258,6.212664277180406,0.06663330995501603,6.212664277180406,,Summer,,0.9501416419511545
subregio_periode,roni,La Nina,El Nino,mes_molt_fred,35,29,7,4,20.0,13.793103448275861,-6.206896551724139,0.747155673274784,6.206896551724139,Llevant_Iberic,,2001-2010,1.0
subregio_estacio,roni,La Nina,El Nino,sol_molt_humit,46,40,4,1,8.695652173913043,2.5,-6.195652173913043,0.44562409724501884,6.195652173913043,Golf_Lleo,Winter,,1.0
subregio_estacio,roni,La Nina,El Nino,sol_molt_sec,39,37,14,11,35.8974358974359,29.72972972972973,-6.167706167706166,0.743074435787517,6.167706167706166,Mediterrani_Central_Occidental,Autumn,,1.0
subregio_periode,roni,La Nina,El Nino,episodi_calid_i_sec,45,24,1,2,2.2222222222222223,8.333333333333332,6.11111111111111,0.5715052260271486,6.11111111111111,Mediterrani_Central_Occidental,,2011-2020,1.0
subregio_estacio,roni,La Nina,El Nino,mes_molt_humit,46,40,3,5,6.521739130434782,12.5,5.978260869565218,0.5620093284734795,5.978260869565218,Llevant_Iberic,Winter,,1.0
subregio_periode,roni,La Nina,El Nino,mes_molt_humit,36,51,0,3,0.0,5.88235294117647,5.88235294117647,0.3764429618732055,5.88235294117647,Llevant_Iberic,,1991-2000,1.0
subregio_estacio,roni,La Nina,El Nino,episodi_calid_i_sol_sec,34,30,2,0,5.88235294117647,0.0,-5.88235294117647,0.528792770346256,5.88235294117647,Mediterrani_Central_Occidental,Spring,,1.0
subregio_periode,roni,La Nina,El Nino,episodi_calid_i_sol_sec,30,34,0,2,0.0,5.88235294117647,5.88235294117647,0.528792770346256,5.88235294117647,Mediterrani_Central_Occidental,,1981-1990,1.0
subregio_periode,roni,La Nina,El Nino,mes_molt_humit,45,24,3,3,6.666666666666667,12.5,5.833333333333333,0.7109950950168737,5.833333333333333,Llevant_Iberic,,2011-2020,1.0
subregio_periode,roni,La Nina,El Nino,mes_molt_sec,45,24,12,5,26.666666666666668,20.833333333333336,-5.833333333333332,0.8085572318249512,5.833333333333332,Golf_Lleo,,2011-2020,1.0
subregio_periode,roni,La Nina,El Nino,episodi_fred_i_humit,35,29,2,0,5.714285714285714,0.0,-5.714285714285714,0.5576743146528235,5.714285714285714,Mediterrani_Central_Occidental,,2001-2010,1.0
subregio_estacio,roni,La Nina,El Nino,episodi_calid_i_sol_sec,46,40,2,4,4.3478260869565215,10.0,5.6521739130434785,0.5472174663184937,5.6521739130434785,Catalunya_Balears,Winter,,1.0
estacio,roni,La Nina,El Nino,episodi_fred_i_humit,136,120,11,3,8.088235294117647,2.5,-5.588235294117648,0.09161143034274832,5.588235294117648,,Spring,,1.0
periode,roni,La Nina,El Nino,mes_molt_sec,180,96,20,16,11.11111111111111,16.666666666666664,5.555555555555555,0.26372552610228556,5.555555555555555,,,2011-2020,1.0
subregio_periode,roni,La Nina,El Nino,episodi_calid_i_sec,45,24,5,4,11.11111111111111,16.666666666666664,5.555555555555555,0.7814977400208473,5.555555555555555,Golf_Lleo,,2011-2020,1.0
subregio_estacio,roni,La Nina,El Nino,mes_molt_humit,34,30,3,1,8.823529411764707,3.3333333333333335,-5.4901960784313735,0.6979738522659524,5.4901960784313735,Llevant_Iberic,Spring,,1.0
subregio_estacio,roni,La Nina,El Nino,episodi_calid_i_sec,39,37,0,2,0.0,5.405405405405405,5.405405405405405,0.4505036617753728,5.405405405405405,Llevant_Iberic,Autumn,,1.0
periode,roni,La Nina,El Nino,sol_molt_humit,144,204,36,40,25.0,19.607843137254903,-5.392156862745098,0.2857979510401826,5.392156862745098,,,1991-2000,1.0
subregio_estacio,roni,La Nina,El Nino,mes_molt_sec,46,40,1,3,2.1739130434782608,7.5,5.326086956521739,0.5114719839343952,5.326086956521739,Llevant_Iberic,Winter,,1.0
subregio_periode,roni,La Nina,El Nino,mes_molt_humit,35,29,3,4,8.571428571428571,13.793103448275861,5.22167487684729,0.7917865298306163,5.22167487684729,Llevant_Iberic,,2001-2010,1.0
subregio_estacio,roni,La Nina,El Nino,mes_molt_fred,34,30,4,2,11.76470588235294,6.666666666666667,-5.098039215686274,0.7882735575835551,5.098039215686274,Llevant_Iberic,Spring,,1.0
subregio_estacio,roni,La Nina,El Nino,episodi_calid_i_sol_sec,34,30,4,2,11.76470588235294,6.666666666666667,-5.098039215686274,0.7882735575835551,5.098039215686274,Golf_Lleo,Spring,,1.0
subregio,roni,La Nina,El Nino,mes_molt_humit,146,138,37,28,25.34246575342466,20.28985507246377,-5.052610680960889,0.38337039176573817,5.052610680960889,Golf_Lleo,,,1.0
estacio,roni,La Nina,El Nino,mes_molt_sec,136,120,9,14,6.61764705882353,11.666666666666666,5.049019607843137,0.23374455456462537,5.049019607843137,,Spring,,1.0
subregio_estacio,roni,La Nina,El Nino,sol_molt_sec,27,31,3,5,11.11111111111111,16.129032258064516,5.017921146953405,0.8641406084472035,5.017921146953405,Mediterrani_Central_Occidental,Summer,,1.0
subregio,roni,La Nina,El Nino,mes_molt_humit,146,138,20,12,13.698630136986301,8.695652173913043,-5.002977963073257,0.2522306237173415,5.002977963073257,Mediterrani_Central_Occidental,,,1.0
subregio_estacio,roni,La Nina,El Nino,mes_molt_fred,46,40,8,5,17.391304347826086,12.5,-4.891304347826086,0.7415198606203166,4.891304347826086,Mediterrani_Central_Occidental,Winter,,1.0
estacio,roni,La Nina,El Nino,mes_molt_humit,156,148,24,30,15.384615384615385,20.27027027027027,4.885654885654886,0.33510208650341217,4.885654885654886,,Autumn,,1.0
estacio,roni,La Nina,El Nino,mes_molt_fred,184,160,40,27,21.73913043478261,16.875,-4.864130434782607,0.3174179528215424,4.864130434782607,,Winter,,1.0
periode,roni,La Nina,El Nino,sol_molt_sec,140,116,27,28,19.28571428571429,24.137931034482758,4.852216748768473,0.4306273841114697,4.852216748768473,,,2001-2010,1.0
subregio_estacio,roni,La Nina,El Nino,mes_molt_humit,46,40,7,8,15.217391304347828,20.0,4.782608695652174,0.7656184344215211,4.782608695652174,Mediterrani_Central_Occidental,Winter,,1.0
subregio,roni,La Nina,El Nino,sol_molt_humit,146,138,45,36,30.82191780821918,26.08695652173913,-4.73496128648005,0.4521647009368698,4.73496128648005,Llevant_Iberic,,,1.0
subregio_periode,roni,La Nina,El Nino,sol_molt_humit,35,29,8,8,22.857142857142858,27.586206896551722,4.729064039408867,0.8847297613808278,4.729064039408867,Golf_Lleo,,2001-2010,1.0
subregio_periode,roni,La Nina,El Nino,sol_molt_humit,45,24,11,7,24.444444444444443,29.166666666666668,4.722222222222225,0.8905172739285422,4.722222222222225,Llevant_Iberic,,2011-2020,1.0
subregio_estacio,roni,La Nina,El Nino,sol_molt_humit,27,31,3,2,11.11111111111111,6.451612903225806,-4.659498207885305,0.8715367353741886,4.659498207885305,Mediterrani_Central_Occidental,Summer,,1.0
estacio,roni,La Nina,El Nino,episodi_calid_i_sec,184,160,3,10,1.6304347826086956,6.25,4.619565217391304,0.05026790056265348,4.619565217391304,,Winter,,0.925029678159054
subregio_estacio,roni,La Nina,El Nino,mes_molt_fred,46,40,9,6,19.565217391304348,15.0,-4.5652173913043494,0.7859201726994091,4.5652173913043494,Llevant_Iberic,Winter,,1.0
subregio_estacio,roni,La Nina,El Nino,mes_molt_fred,34,30,3,4,8.823529411764707,13.333333333333334,4.5098039215686265,0.8606377503432366,4.5098039215686265,Catalunya_Balears,Spring,,1.0
subregio_estacio,roni,La Nina,El Nino,mes_molt_fred,34,30,3,4,8.823529411764707,13.333333333333334,4.5098039215686265,0.8606377503432366,4.5098039215686265,Mediterrani_Central_Occidental,Spring,,1.0
subregio_periode,roni,La Nina,El Nino,mes_molt_humit,30,34,4,3,13.333333333333334,8.823529411764707,-4.5098039215686265,0.8606377503432366,4.5098039215686265,Llevant_Iberic,,1981-1990,1.0
subregio_periode,roni,La Nina,El Nino,mes_molt_humit,30,34,4,3,13.333333333333334,8.823529411764707,-4.5098039215686265,0.8606377503432366,4.5098039215686265,Catalunya_Balears,,1981-1990,1.0
subregio_periode,roni,La Nina,El Nino,mes_molt_calid,30,34,4,3,13.333333333333334,8.823529411764707,-4.5098039215686265,0.8606377503432366,4.5098039215686265,Golf_Lleo,,1981-1990,1.0
periode,roni,La Nina,El Nino,episodi_calid_i_sec,140,116,1,6,0.7142857142857143,5.172413793103448,4.458128078817734,0.07307578484693279,4.458128078817734,,,2001-2010,1.0
subregio_periode,roni,La Nina,El Nino,mes_molt_fred,45,24,2,0,4.444444444444445,0.0,-4.444444444444445,0.7681640081399215,4.444444444444445,Llevant_Iberic,,2011-2020,1.0
subregio_periode,roni,La Nina,El Nino,mes_molt_fred,45,24,2,0,4.444444444444445,0.0,-4.444444444444445,0.7681640081399215,4.444444444444445,Mediterrani_Central_Occidental,,2011-2020,1.0
subregio_estacio,roni,La Nina,El Nino,mes_molt_fred,39,37,7,5,17.94871794871795,13.513513513513514,-4.435204435204435,0.8295247958033755,4.435204435204435,Llevant_Iberic,Autumn,,1.0
subregio_periode,roni,La Nina,El Nino,episodi_calid_i_sol_sec,36,51,3,2,8.333333333333332,3.9215686274509802,-4.411764705882352,0.6868406363858385,4.411764705882352,Llevant_Iberic,,1991-2000,1.0
estacio,roni,La Nina,El Nino,sol_molt_sec,108,124,18,26,16.666666666666664,20.967741935483872,4.301075268817206,0.5056074949778286,4.301075268817206,,Summer,,1.0
periode,roni,La Nina,El Nino,sol_molt_humit,140,116,47,34,33.57142857142857,29.310344827586203,-4.261083743842365,0.5520013565830202,4.261083743842365,,,2001-2010,1.0
subregio_periode,roni,La Nina,El Nino,episodi_fred_i_humit,36,51,2,5,5.555555555555555,9.803921568627452,4.248366013071895,0.7509725717553388,4.248366013071895,Golf_Lleo,,1991-2000,1.0
estacio,roni,La Nina,El Nino,mes_molt_fred,136,120,17,20,12.5,16.666666666666664,4.166666666666666,0.4424715899701689,4.166666666666666,,Spring,,1.0
subregio_periode,roni,La Nina,El Nino,episodi_calid_i_sec,45,24,0,1,0.0,4.166666666666666,4.166666666666666,0.7475697039056335,4.166666666666666,Llevant_Iberic,,2011-2020,1.0
global,roni,La Nina,El Nino,sol_molt_humit,584,552,166,134,28.424657534246577,24.27536231884058,-4.149295215405998,0.1289624290331102,4.149295215405998,,,,1.0
subregio_periode,roni,La Nina,El Nino,mes_molt_humit,30,34,3,2,10.0,5.88235294117647,-4.11764705882353,0.884047104878432,4.11764705882353,Mediterrani_Central_Occidental,,1981-1990,1.0
subregio_periode,roni,La Nina,El Nino,episodi_calid_i_sol_sec,35,29,1,2,2.857142857142857,6.896551724137931,4.039408866995074,0.8673223991297105,4.039408866995074,Llevant_Iberic,,2001-2010,1.0
subregio_periode,roni,La Nina,El Nino,episodi_fred_i_humit,35,29,1,2,2.857142857142857,6.896551724137931,4.039408866995074,0.8673223991297105,4.039408866995074,Catalunya_Balears,,2001-2010,1.0
subregio_periode,roni,La Nina,El Nino,episodi_calid_i_sol_sec,35,29,1,2,2.857142857142857,6.896551724137931,4.039408866995074,0.8673223991297105,4.039408866995074,Catalunya_Balears,,2001-2010,1.0
subregio_periode,roni,La Nina,El Nino,episodi_calid_i_sec,35,29,1,2,2.857142857142857,6.896551724137931,4.039408866995074,0.8673223991297105,4.039408866995074,Golf_Lleo,,2001-2010,1.0
estacio,roni,La Nina,El Nino,episodi_calid_i_sol_sec,136,120,10,4,7.352941176470589,3.3333333333333335,-4.019607843137255,0.25590862051936836,4.019607843137255,,Spring,,1.0
subregio_periode,roni,La Nina,El Nino,mes_molt_fred,35,29,5,3,14.285714285714285,10.344827586206897,-3.9408866995073883,0.9243870126427244,3.9408866995073883,Mediterrani_Central_Occidental,,2001-2010,1.0
subregio_periode,roni,La Nina,El Nino,sol_molt_sec,35,29,5,3,14.285714285714285,10.344827586206897,-3.9408866995073883,0.9243870126427244,3.9408866995073883,Mediterrani_Central_Occidental,,2001-2010,1.0
subregio_periode,roni,La Nina,El Nino,episodi_fred_i_humit,36,51,0,2,0.0,3.9215686274509802,3.9215686274509802,0.6342018437093437,3.9215686274509802,Llevant_Iberic,,1991-2000,1.0
subregio_periode,roni,La Nina,El Nino,episodi_calid_i_sol_sec,36,51,0,2,0.0,3.9215686274509802,3.9215686274509802,0.6342018437093437,3.9215686274509802,Golf_Lleo,,1991-2000,1.0
subregio_periode,roni,La Nina,El Nino,mes_molt_fred,30,34,10,10,33.33333333333333,29.411764705882355,-3.9215686274509776,0.9461422243648281,3.9215686274509776,Golf_Lleo,,1981-1990,1.0
subregio_estacio,roni,La Nina,El Nino,mes_molt_calid,46,40,12,12,26.08695652173913,30.0,3.913043478260869,0.8708875300462079,3.913043478260869,Golf_Lleo,Winter,,1.0
estacio,roni,La Nina,El Nino,episodi_fred_i_humit,108,124,1,6,0.9259259259259258,4.838709677419355,3.912783751493429,0.1760124776157741,3.912783751493429,,Summer,,1.0
subregio,roni,La Nina,El Nino,episodi_calid_i_sol_sec,146,138,6,11,4.10958904109589,7.971014492753622,3.861425451657732,0.2623816834170242,3.861425451657732,Catalunya_Balears,,,1.0
subregio,roni,La Nina,El Nino,sol_molt_sec,146,138,49,41,33.56164383561644,29.71014492753623,-3.8514989080802087,0.5689131196832204,3.8514989080802087,Llevant_Iberic,,,1.0
subregio_periode,roni,La Nina,El Nino,mes_molt_calid,36,51,7,8,19.444444444444446,15.686274509803921,-3.7581699346405233,0.8658685871074683,3.7581699346405233,Golf_Lleo,,1991-2000,1.0
subregio_periode,roni,La Nina,El Nino,mes_molt_fred,36,51,5,9,13.88888888888889,17.647058823529413,3.7581699346405233,0.8621520884261855,3.7581699346405233,Mediterrani_Central_Occidental,,1991-2000,1.0
subregio_periode,roni,La Nina,El Nino,mes_molt_sec,30,34,2,1,6.666666666666667,2.941176470588235,-3.7254901960784315,0.9115367347831297,3.7254901960784315,Llevant_Iberic,,1981-1990,1.0
subregio_periode,roni,La Nina,El Nino,episodi_fred_i_humit,30,34,2,1,6.666666666666667,2.941176470588235,-3.7254901960784315,0.9115367347831297,3.7254901960784315,Llevant_Iberic,,1981-1990,1.0
subregio_periode,roni,La Nina,El Nino,episodi_calid_i_sec,30,34,2,1,6.666666666666667,2.941176470588235,-3.7254901960784315,0.9115367347831297,3.7254901960784315,Golf_Lleo,,1981-1990,1.0
subregio,roni,La Nina,El Nino,sol_molt_sec,146,138,39,42,26.71232876712329,30.434782608695656,3.7224538415723654,0.5734809128227474,3.7224538415723654,Catalunya_Balears,,,1.0
subregio_periode,roni,La Nina,El Nino,mes_molt_humit,45,24,11,5,24.444444444444443,20.833333333333336,-3.6111111111111094,0.9688429093496653,3.6111111111111094,Golf_Lleo,,2011-2020,1.0
subregio_periode,roni,La Nina,El Nino,mes_molt_humit,36,51,2,1,5.555555555555555,1.9607843137254901,-3.594771241830065,0.7576746785337576,3.594771241830065,Mediterrani_Central_Occidental,,1991-2000,1.0
subregio_estacio,roni,La Nina,El Nino,sol_molt_sec,27,31,6,8,22.22222222222222,25.806451612903224,3.584229390681004,0.9915376140074986,3.584229390681004,Golf_Lleo,Summer,,1.0
subregio_periode,roni,La Nina,El Nino,mes_molt_fred,35,29,6,6,17.142857142857142,20.689655172413794,3.54679802955665,0.9679263998694563,3.54679802955665,Catalunya_Balears,,2001-2010,1.0
subregio_estacio,roni,La Nina,El Nino,mes_molt_calid,39,37,6,7,15.384615384615385,18.91891891891892,3.5343035343035343,0.9169711523544962,3.5343035343035343,Catalunya_Balears,Autumn,,1.0
subregio,roni,La Nina,El Nino,mes_molt_calid,146,138,15,19,10.273972602739725,13.768115942028986,3.49414333928926,0.46923818708158405,3.49414333928926,Mediterrani_Central_Occidental,,,1.0
subregio_estacio,roni,La Nina,El Nino,episodi_calid_i_sol_sec,46,40,3,4,6.521739130434782,10.0,3.478260869565218,0.8469103279853403,3.478260869565218,Llevant_Iberic,Winter,,1.0
estacio,roni,La Nina,El Nino,sol_molt_humit,184,160,42,31,22.82608695652174,19.375,-3.4510869565217375,0.5165682338953699,3.4510869565217375,,Winter,,1.0
subregio_periode,roni,La Nina,El Nino,episodi_calid_i_sec,35,29,0,1,0.0,3.4482758620689653,3.4482758620689653,0.9243870126427244,3.4482758620689653,Llevant_Iberic,,2001-2010,1.0
subregio_periode,roni,La Nina,El Nino,episodi_calid_i_sol_sec,35,29,0,1,0.0,3.4482758620689653,3.4482758620689653,0.9243870126427244,3.4482758620689653,Golf_Lleo,,2001-2010,1.0
subregio_periode,roni,La Nina,El Nino,episodi_calid_i_sec,35,29,0,1,0.0,3.4482758620689653,3.4482758620689653,0.9243870126427244,3.4482758620689653,Mediterrani_Central_Occidental,,2001-2010,1.0
subregio,roni,La Nina,El Nino,episodi_fred_i_humit,146,138,6,1,4.10958904109589,0.7246376811594203,-3.38495135993647,0.14540496530159167,3.38495135993647,Mediterrani_Central_Occidental,,,1.0
subregio_periode,roni,La Nina,El Nino,mes_molt_humit,45,24,9,4,20.0,16.666666666666664,-3.3333333333333353,0.9887884926453663,3.3333333333333353,Mediterrani_Central_Occidental,,2011-2020,1.0
subregio_estacio,roni,La Nina,El Nino,episodi_calid_i_sec,34,30,0,1,0.0,3.3333333333333335,3.3333333333333335,0.9496729583868329,3.3333333333333335,Catalunya_Balears,Spring,,1.0
subregio_periode,roni,La Nina,El Nino,mes_molt_calid,36,51,4,4,11.11111111111111,7.8431372549019605,-3.26797385620915,0.8863908648669798,3.26797385620915,Mediterrani_Central_Occidental,,1991-2000,1.0
periode,roni,La Nina,El Nino,mes_molt_humit,120,136,18,16,15.0,11.76470588235294,-3.2352941176470584,0.5641834022340856,3.2352941176470584,,,1981-1990,1.0
subregio_estacio,roni,La Nina,El Nino,episodi_calid_i_sol_sec,27,31,0,1,0.0,3.225806451612903,3.225806451612903,1.0,3.225806451612903,Llevant_Iberic,Summer,,1.0
subregio_estacio,roni,La Nina,El Nino,episodi_calid_i_sol_sec,27,31,0,1,0.0,3.225806451612903,3.225806451612903,1.0,3.225806451612903,Mediterrani_Central_Occidental,Summer,,1.0
periode,roni,La Nina,El Nino,sol_molt_sec,144,204,35,56,24.305555555555554,27.450980392156865,3.14542483660131,0.5934894999258866,3.14542483660131,,,1991-2000,1.0
periode,roni,La Nina,El Nino,sol_molt_sec,120,136,32,32,26.666666666666668,23.52941176470588,-3.1372549019607843,0.6643894431719992,3.1372549019607843,,,1981-1990,1.0
subregio_periode,roni,La Nina,El Nino,sol_molt_sec,30,34,7,9,23.333333333333332,26.47058823529412,3.1372549019607843,1.0,3.1372549019607843,Llevant_Iberic,,1981-1990,1.0
subregio_periode,roni,La Nina,El Nino,episodi_calid_i_sol_sec,36,51,1,3,2.7777777777777777,5.88235294117647,3.104575163398693,0.8718706812247226,3.104575163398693,Catalunya_Balears,,1991-2000,1.0
periode,roni,La Nina,El Nino,mes_molt_calid,120,136,6,11,5.0,8.088235294117647,3.088235294117647,0.46003108379610447,3.088235294117647,,,1981-1990,1.0
estacio,roni,La Nina,El Nino,episodi_calid_i_sol_sec,184,160,7,11,3.804347826086957,6.875000000000001,3.070652173913044,0.3016305852246025,3.070652173913044,,Winter,,1.0
periode,roni,La Nina,El Nino,episodi_calid_i_sol_sec,140,116,3,6,2.142857142857143,5.172413793103448,3.029556650246305,0.3323950731228635,3.029556650246305,,,2001-2010,1.0
subregio_estacio,roni,La Nina,El Nino,episodi_calid_i_sol_sec,39,37,2,3,5.128205128205128,8.108108108108109,2.9799029799029806,0.951437490779661,2.9799029799029806,Catalunya_Balears,Autumn,,1.0
subregio_periode,roni,La Nina,El Nino,sol_molt_sec,35,29,5,5,14.285714285714285,17.24137931034483,2.9556650246305436,1.0,2.9556650246305436,Golf_Lleo,,2001-2010,1.0
subregio_estacio,roni,La Nina,El Nino,episodi_fred_i_humit,34,30,1,0,2.941176470588235,0.0,-2.941176470588235,1.0,2.941176470588235,Llevant_Iberic,Spring,,1.0
subregio_periode,roni,La Nina,El Nino,episodi_calid_i_sol_sec,30,34,0,1,0.0,2.941176470588235,2.941176470588235,1.0,2.941176470588235,Llevant_Iberic,,1981-1990,1.0
subregio_periode,roni,La Nina,El Nino,episodi_calid_i_sol_sec,30,34,0,1,0.0,2.941176470588235,2.941176470588235,1.0,2.941176470588235,Catalunya_Balears,,1981-1990,1.0
subregio,roni,La Nina,El Nino,mes_molt_fred,146,138,19,22,13.013698630136986,15.942028985507244,2.9283303553702593,0.594119430709212,2.9283303553702593,Catalunya_Balears,,,1.0
periode,roni,La Nina,El Nino,mes_molt_sec,144,204,10,20,6.944444444444445,9.803921568627452,2.859477124183006,0.4579947585150316,2.859477124183006,,,1991-2000,1.0
subregio_periode,roni,La Nina,El Nino,episodi_fred_i_humit,35,29,1,0,2.857142857142857,0.0,-2.857142857142857,1.0,2.857142857142857,Llevant_Iberic,,2001-2010,1.0
subregio,roni,La Nina,El Nino,mes_molt_calid,146,138,17,20,11.643835616438356,14.492753623188406,2.8489180067500506,0.5916063093164616,2.8489180067500506,Llevant_Iberic,,,1.0
subregio_estacio,roni,La Nina,El Nino,episodi_calid_i_sec,39,37,1,2,2.564102564102564,5.405405405405405,2.841302841302842,0.9628929657964015,2.841302841302842,Catalunya_Balears,Autumn,,1.0
subregio_estacio,roni,La Nina,El Nino,episodi_calid_i_sec,46,40,1,2,2.1739130434782608,5.0,2.8260869565217392,0.9018650280067901,2.8260869565217392,Catalunya_Balears,Winter,,1.0
subregio_estacio,roni,La Nina,El Nino,episodi_calid_i_sol_sec,46,40,1,2,2.1739130434782608,5.0,2.8260869565217392,0.9018650280067901,2.8260869565217392,Mediterrani_Central_Occidental,Winter,,1.0
subregio_periode,roni,La Nina,El Nino,sol_molt_humit,45,24,10,6,22.22222222222222,25.0,2.777777777777779,1.0,2.777777777777779,Catalunya_Balears,,2011-2020,1.0
subregio_periode,roni,La Nina,El Nino,episodi_calid_i_sec,36,51,1,0,2.7777777777777777,0.0,-2.7777777777777777,0.8602548856356065,2.7777777777777777,Catalunya_Balears,,1991-2000,1.0
estacio,roni,La Nina,El Nino,mes_molt_calid,184,160,34,34,18.478260869565215,21.25,2.771739130434783,0.6113520429819322,2.771739130434783,,Winter,,1.0
subregio_estacio,roni,La Nina,El Nino,episodi_fred_i_humit,39,37,0,1,0.0,2.7027027027027026,2.7027027027027026,0.9788586735238937,2.7027027027027026,Llevant_Iberic,Autumn,,1.0
periode,roni,La Nina,El Nino,mes_molt_humit,144,204,15,16,10.416666666666668,7.8431372549019605,-2.5735294117647065,0.5228182027857897,2.5735294117647065,,,1991-2000,1.0
subregio,roni,La Nina,El Nino,mes_molt_humit,146,138,10,13,6.8493150684931505,9.420289855072465,2.5709747865793138,0.5645036605877733,2.5709747865793138,Llevant_Iberic,,,1.0
subregio_estacio,roni,La Nina,El Nino,episodi_fred_i_humit,39,37,1,0,2.564102564102564,0.0,-2.564102564102564,1.0,2.564102564102564,Mediterrani_Central_Occidental,Autumn,,1.0
subregio_estacio,roni,La Nina,El Nino,episodi_calid_i_sol_sec,34,30,2,1,5.88235294117647,3.3333333333333335,-2.549019607843137,1.0,2.549019607843137,Llevant_Iberic,Spring,,1.0
subregio_estacio,roni,La Nina,El Nino,episodi_calid_i_sol_sec,34,30,2,1,5.88235294117647,3.3333333333333335,-2.549019607843137,1.0,2.549019607843137,Catalunya_Balears,Spring,,1.0
subregio_periode,roni,La Nina,El Nino,mes_molt_calid,30,34,1,2,3.3333333333333335,5.88235294117647,2.549019607843137,1.0,2.549019607843137,Llevant_Iberic,,1981-1990,1.0
subregio_periode,roni,La Nina,El Nino,mes_molt_calid,30,34,1,2,3.3333333333333335,5.88235294117647,2.549019607843137,1.0,2.549019607843137,Catalunya_Balears,,1981-1990,1.0
periode,roni,La Nina,El Nino,mes_molt_humit,140,116,23,22,16.428571428571427,18.96551724137931,2.536945812807881,0.7144174292676342,2.536945812807881,,,2001-2010,1.0
periode,roni,La Nina,El Nino,episodi_fred_i_humit,144,204,2,8,1.3888888888888888,3.9215686274509802,2.5326797385620914,0.28592149217386387,2.5326797385620914,,,1991-2000,1.0
subregio_periode,roni,La Nina,El Nino,sol_molt_sec,35,29,10,9,28.57142857142857,31.03448275862069,2.463054187192121,1.0,2.463054187192121,Llevant_Iberic,,2001-2010,1.0
subregio_periode,roni,La Nina,El Nino,sol_molt_sec,36,51,9,14,25.0,27.450980392156865,2.450980392156865,0.9932095983916623,2.450980392156865,Mediterrani_Central_Occidental,,1991-2000,1.0
subregio,roni,La Nina,El Nino,sol_molt_sec,146,138,30,25,20.54794520547945,18.115942028985508,-2.432003176493944,0.7127623053787842,2.432003176493944,Golf_Lleo,,,1.0
subregio_estacio,roni,La Nina,El Nino,episodi_calid_i_sol_sec,39,37,2,1,5.128205128205128,2.7027027027027026,-2.425502425502425,1.0,2.425502425502425,Golf_Lleo,Autumn,,1.0
estacio,roni,La Nina,El Nino,sol_molt_humit,108,124,27,28,25.0,22.58064516129032,-2.419354838709678,0.7814189464838441,2.419354838709678,,Summer,,1.0
subregio_estacio,roni,La Nina,El Nino,mes_molt_fred,46,40,8,6,17.391304347826086,15.0,-2.391304347826087,0.9945669118256572,2.391304347826087,Catalunya_Balears,Winter,,1.0
subregio,roni,La Nina,El Nino,episodi_calid_i_sol_sec,146,138,4,7,2.73972602739726,5.072463768115942,2.3327377407186822,0.47731776805694115,2.3327377407186822,Mediterrani_Central_Occidental,,,1.0
periode,roni,La Nina,El Nino,mes_molt_calid,144,204,21,25,14.583333333333334,12.254901960784313,-2.328431372549021,0.6376715779442463,2.328431372549021,,,1991-2000,1.0
estacio,roni,La Nina,El Nino,episodi_calid_i_sol_sec,156,148,8,11,5.128205128205128,7.4324324324324325,2.3042273042273047,0.5534796106506366,2.3042273042273047,,Autumn,,1.0
subregio_estacio,roni,La Nina,El Nino,mes_molt_calid,46,40,7,7,15.217391304347828,17.5,2.282608695652172,1.0,2.282608695652172,Llevant_Iberic,Winter,,1.0
subregio,roni,La Nina,El Nino,episodi_calid_i_sec,146,138,2,5,1.36986301369863,3.6231884057971016,2.2533253920984717,0.40022545879023763,2.2533253920984717,Catalunya_Balears,,,1.0
subregio_periode,roni,La Nina,El Nino,episodi_fred_i_humit,45,24,1,0,2.2222222222222223,0.0,-2.2222222222222223,1.0,2.2222222222222223,Catalunya_Balears,,2011-2020,1.0
subregio_periode,roni,La Nina,El Nino,episodi_fred_i_humit,45,24,1,0,2.2222222222222223,0.0,-2.2222222222222223,1.0,2.2222222222222223,Mediterrani_Central_Occidental,,2011-2020,1.0
subregio,roni,La Nina,El Nino,episodi_calid_i_sec,146,138,1,4,0.684931506849315,2.898550724637681,2.213619217788366,0.33387438618195375,2.213619217788366,Mediterrani_Central_Occidental,,,1.0
estacio,roni,La Nina,El Nino,episodi_calid_i_sec,156,148,5,8,3.205128205128205,5.405405405405405,2.200277200277201,0.5065852239453279,2.200277200277201,,Autumn,,1.0
subregio_periode,roni,La Nina,El Nino,mes_molt_humit,35,29,8,6,22.857142857142858,20.689655172413794,-2.1674876847290636,1.0,2.1674876847290636,Golf_Lleo,,2001-2010,1.0
subregio_periode,roni,La Nina,El Nino,sol_molt_humit,36,51,7,11,19.444444444444446,21.568627450980394,2.1241830065359486,1.0,2.1241830065359486,Llevant_Iberic,,1991-2000,1.0
subregio_periode,roni,La Nina,El Nino,mes_molt_calid,36,51,5,6,13.88888888888889,11.76470588235294,-2.1241830065359486,1.0,2.1241830065359486,Catalunya_Balears,,1991-2000,1.0
global,roni,La Nina,El Nino,mes_molt_calid,584,552,83,90,14.212328767123289,16.304347826086957,2.092019058963668,0.36906653707459236,2.092019058963668,,,,1.0
subregio_estacio,roni,La Nina,El Nino,mes_molt_calid,46,40,9,7,19.565217391304348,17.5,-2.06521739130435,1.0,2.06521739130435,Catalunya_Balears,Winter,,1.0
subregio_estacio,roni,La Nina,El Nino,sol_molt_humit,46,40,14,13,30.434782608695656,32.5,2.065217391304347,1.0,2.065217391304347,Llevant_Iberic,Winter,,1.0
subregio_estacio,roni,La Nina,El Nino,mes_molt_humit,39,37,5,4,12.82051282051282,10.81081081081081,-2.009702009702008,1.0,2.009702009702008,Mediterrani_Central_Occidental,Autumn,,1.0
subregio,roni,La Nina,El Nino,sol_molt_humit,146,138,41,36,28.08219178082192,26.08695652173913,-1.9952352590827893,0.8068404856005202,1.9952352590827893,Catalunya_Balears,,,1.0
subregio_periode,roni,La Nina,El Nino,episodi_fred_i_humit,36,51,0,1,0.0,1.9607843137254901,1.9607843137254901,1.0,1.9607843137254901,Catalunya_Balears,,1991-2000,1.0
subregio_periode,roni,La Nina,El Nino,episodi_calid_i_sec,36,51,0,1,0.0,1.9607843137254901,1.9607843137254901,1.0,1.9607843137254901,Mediterrani_Central_Occidental,,1991-2000,1.0
subregio_periode,roni,La Nina,El Nino,mes_molt_fred,30,34,5,5,16.666666666666664,14.705882352941178,-1.9607843137254888,1.0,1.9607843137254888,Catalunya_Balears,,1981-1990,1.0
subregio_periode,roni,La Nina,El Nino,mes_molt_fred,30,34,5,5,16.666666666666664,14.705882352941178,-1.9607843137254888,1.0,1.9607843137254888,Mediterrani_Central_Occidental,,1981-1990,1.0
subregio_estacio,roni,La Nina,El Nino,mes_molt_humit,46,40,6,6,13.043478260869565,15.0,1.9565217391304346,1.0,1.9565217391304346,Catalunya_Balears,Winter,,1.0
subregio,roni,La Nina,El Nino,mes_molt_calid,146,138,31,32,21.232876712328768,23.18840579710145,1.9555290847726836,0.7998370427007498,1.9555290847726836,Golf_Lleo,,,1.0
subregio_periode,roni,La Nina,El Nino,mes_molt_sec,45,24,1,1,2.2222222222222223,4.166666666666666,1.9444444444444442,1.0,1.9444444444444442,Llevant_Iberic,,2011-2020,1.0
subregio_estacio,roni,La Nina,El Nino,sol_molt_sec,27,31,4,4,14.814814814814813,12.903225806451612,-1.9115890083632014,1.0,1.9115890083632014,Llevant_Iberic,Summer,,1.0
periode,roni,La Nina,El Nino,mes_molt_fred,140,116,28,21,20.0,18.103448275862068,-1.896551724137932,0.822448719967192,1.896551724137932,,,2001-2010,1.0
global,roni,La Nina,El Nino,episodi_calid_i_sol_sec,584,552,26,35,4.4520547945205475,6.340579710144928,1.8885249156243802,0.20067662281373388,1.8885249156243802,,,,1.0
subregio,roni,La Nina,El Nino,mes_molt_sec,146,138,11,13,7.534246575342466,9.420289855072465,1.8860432797299986,0.7205623337940661,1.8860432797299986,Catalunya_Balears,,,1.0
global,roni,La Nina,El Nino,mes_molt_humit,584,552,84,69,14.383561643835616,12.5,-1.8835616438356158,0.39950895958900645,1.8835616438356158,,,,1.0
subregio_estacio,roni,La Nina,El Nino,episodi_fred_i_humit,46,40,2,1,4.3478260869565215,2.5,-1.8478260869565215,1.0,1.8478260869565215,Golf_Lleo,Winter,,1.0
subregio_estacio,roni,La Nina,El Nino,episodi_fred_i_humit,46,40,2,1,4.3478260869565215,2.5,-1.8478260869565215,1.0,1.8478260869565215,Mediterrani_Central_Occidental,Winter,,1.0
subregio_periode,roni,La Nina,El Nino,mes_molt_calid,35,29,3,3,8.571428571428571,10.344827586206897,1.773399014778325,1.0,1.773399014778325,Catalunya_Balears,,2001-2010,1.0
subregio_estacio,roni,La Nina,El Nino,episodi_fred_i_humit,34,30,4,3,11.76470588235294,10.0,-1.7647058823529405,1.0,1.7647058823529405,Golf_Lleo,Spring,,1.0
periode,roni,La Nina,El Nino,sol_molt_humit,180,96,40,23,22.22222222222222,23.958333333333336,1.7361111111111134,0.859711737868287,1.7361111111111134,,,2011-2020,1.0
periode,roni,La Nina,El Nino,sol_molt_sec,180,96,57,32,31.666666666666664,33.33333333333333,1.6666666666666663,0.8831745482351171,1.6666666666666663,,,2011-2020,1.0
subregio_estacio,roni,La Nina,El Nino,mes_molt_humit,39,37,12,12,30.76923076923077,32.432432432432435,1.6632016632016633,1.0,1.6632016632016633,Golf_Lleo,Autumn,,1.0
subregio,roni,La Nina,El Nino,mes_molt_sec,146,138,5,7,3.4246575342465753,5.072463768115942,1.647806233869367,0.6929605823415848,1.647806233869367,Llevant_Iberic,,,1.0
subregio_periode,roni,La Nina,El Nino,mes_molt_sec,36,51,2,2,5.555555555555555,3.9215686274509802,-1.633986928104575,1.0,1.633986928104575,Catalunya_Balears,,1991-2000,1.0
subregio_estacio,roni,La Nina,El Nino,sol_molt_sec,46,40,18,15,39.130434782608695,37.5,-1.6304347826086973,1.0,1.6304347826086973,Llevant_Iberic,Winter,,1.0
subregio_estacio,roni,La Nina,El Nino,sol_molt_sec,46,40,5,5,10.869565217391305,12.5,1.630434782608696,1.0,1.630434782608696,Golf_Lleo,Winter,,1.0
estacio,roni,La Nina,El Nino,sol_molt_sec,184,160,43,40,23.369565217391305,25.0,1.6304347826086945,0.8210421703939125,1.6304347826086945,,Winter,,1.0
global,roni,La Nina,El Nino,episodi_calid_i_sec,584,552,13,21,2.2260273972602738,3.804347826086957,1.578320428826683,0.16569023807880692,1.578320428826683,,,,1.0
subregio,roni,La Nina,El Nino,episodi_calid_i_sec,146,138,1,3,0.684931506849315,2.1739130434782608,1.4889815366289458,0.5751246598493306,1.4889815366289458,Llevant_Iberic,,,1.0
subregio,roni,La Nina,El Nino,mes_molt_fred,146,138,36,36,24.65753424657534,26.08695652173913,1.4294222751637886,0.8884218910576814,1.4294222751637886,Golf_Lleo,,,1.0
subregio_periode,roni,La Nina,El Nino,mes_molt_humit,45,24,5,3,11.11111111111111,12.5,1.3888888888888895,1.0,1.3888888888888895,Catalunya_Balears,,2011-2020,1.0
subregio,roni,La Nina,El Nino,mes_molt_fred,146,138,22,19,15.068493150684931,13.768115942028986,-1.300377208655945,0.8864997591328335,1.300377208655945,Llevant_Iberic,,,1.0
periode,roni,La Nina,El Nino,episodi_calid_i_sol_sec,120,136,2,4,1.6666666666666667,2.941176470588235,1.2745098039215685,0.7958631186091831,1.2745098039215685,,,1981-1990,1.0
subregio_periode,roni,La Nina,El Nino,episodi_fred_i_humit,35,29,2,2,5.714285714285714,6.896551724137931,1.1822660098522169,1.0,1.1822660098522169,Golf_Lleo,,2001-2010,1.0
estacio,roni,La Nina,El Nino,episodi_calid_i_sec,136,120,5,3,3.6764705882352944,2.5,-1.1764705882352942,0.8571862281390856,1.1764705882352942,,Spring,,1.0
subregio_estacio,roni,La Nina,El Nino,mes_molt_sec,34,30,3,3,8.823529411764707,10.0,1.1764705882352942,1.0,1.1764705882352942,Mediterrani_Central_Occidental,Spring,,1.0
subregio_periode,roni,La Nina,El Nino,episodi_calid_i_sec,36,51,1,2,2.7777777777777777,3.9215686274509802,1.1437908496732028,1.0,1.1437908496732028,Golf_Lleo,,1991-2000,1.0
global,roni,La Nina,El Nino,mes_molt_sec,584,552,59,62,10.102739726027398,11.231884057971014,1.129144331943617,0.6028086734092126,1.129144331943617,,,,1.0
periode,roni,La Nina,El Nino,episodi_fred_i_humit,180,96,2,0,1.1111111111111112,0.0,-1.1111111111111112,0.7706445145339009,1.1111111111111112,,,2011-2020,1.0
subregio_estacio,roni,La Nina,El Nino,sol_molt_sec,46,40,12,10,26.08695652173913,25.0,-1.0869565217391297,1.0,1.0869565217391297,Catalunya_Balears,Winter,,1.0
subregio,roni,La Nina,El Nino,episodi_calid_i_sol_sec,146,138,8,9,5.47945205479452,6.521739130434782,1.0422870756402622,0.9046164043827037,1.0422870756402622,Llevant_Iberic,,,1.0
subregio,roni,La Nina,El Nino,episodi_fred_i_humit,146,138,8,9,5.47945205479452,6.521739130434782,1.0422870756402622,0.9046164043827037,1.0422870756402622,Golf_Lleo,,,1.0
subregio_periode,roni,La Nina,El Nino,mes_molt_fred,35,29,10,8,28.57142857142857,27.586206896551722,-0.9852216748768461,1.0,0.9852216748768461,Golf_Lleo,,2001-2010,1.0
global,roni,La Nina,El Nino,sol_molt_sec,584,552,151,148,25.85616438356164,26.811594202898554,0.9554298193369115,0.7656412270002555,0.9554298193369115,,,,1.0
global,roni,La Nina,El Nino,mes_molt_fred,584,552,94,94,16.095890410958905,17.02898550724638,0.9330950962874729,0.7315236957300549,0.9330950962874729,,,,1.0
periode,roni,La Nina,El Nino,episodi_calid_i_sec,120,136,2,1,1.6666666666666667,0.7352941176470588,-0.9313725490196079,0.9131180921790348,0.9313725490196079,,,1981-1990,1.0
periode,roni,La Nina,El Nino,episodi_fred_i_humit,140,116,6,4,4.285714285714286,3.4482758620689653,-0.8374384236453203,0.9838430351077074,0.8374384236453203,,,2001-2010,1.0
subregio_periode,roni,La Nina,El Nino,episodi_calid_i_sec,36,51,1,1,2.7777777777777777,1.9607843137254901,-0.8169934640522875,1.0,0.8169934640522875,Llevant_Iberic,,1991-2000,1.0
subregio_periode,roni,La Nina,El Nino,episodi_calid_i_sol_sec,36,51,1,1,2.7777777777777777,1.9607843137254901,-0.8169934640522875,1.0,0.8169934640522875,Mediterrani_Central_Occidental,,1991-2000,1.0
subregio_estacio,roni,La Nina,El Nino,sol_molt_humit,46,40,10,9,21.73913043478261,22.5,0.7608695652173925,1.0,0.7608695652173925,Catalunya_Balears,Winter,,1.0
subregio,roni,La Nina,El Nino,sol_molt_humit,146,138,36,33,24.65753424657534,23.91304347826087,-0.7444907683144708,0.9937780707202243,0.7444907683144708,Golf_Lleo,,,1.0
global,roni,La Nina,El Nino,episodi_fred_i_humit,584,552,22,17,3.767123287671233,3.0797101449275366,-0.6874131427436962,0.636233651282095,0.6874131427436962,,,,1.0
estacio,roni,La Nina,El Nino,episodi_fred_i_humit,184,160,7,5,3.804347826086957,3.125,-0.6793478260869568,0.9617543246044122,0.6793478260869568,,Winter,,1.0
subregio,roni,La Nina,El Nino,mes_molt_fred,146,138,17,17,11.643835616438356,12.318840579710146,0.67500496327179,1.0,0.67500496327179,Mediterrani_Central_Occidental,,,1.0
subregio_periode,roni,La Nina,El Nino,sol_molt_humit,36,51,8,11,22.22222222222222,21.568627450980394,-0.6535947712418277,1.0,0.6535947712418277,Catalunya_Balears,,1991-2000,1.0
subregio_estacio,roni,La Nina,El Nino,episodi_fred_i_humit,46,40,2,2,4.3478260869565215,5.0,0.6521739130434787,1.0,0.6521739130434787,Catalunya_Balears,Winter,,1.0
subregio_estacio,roni,La Nina,El Nino,sol_molt_humit,39,37,15,14,38.46153846153847,37.83783783783784,-0.6237006237006237,1.0,0.6237006237006237,Mediterrani_Central_Occidental,Autumn,,1.0
subregio_estacio,roni,La Nina,El Nino,sol_molt_humit,27,31,8,9,29.629629629629626,29.03225806451613,-0.597371565113497,1.0,0.597371565113497,Catalunya_Balears,Summer,,1.0
subregio_periode,roni,La Nina,El Nino,mes_molt_sec,35,29,1,1,2.857142857142857,3.4482758620689653,0.5911330049261084,1.0,0.5911330049261084,Mediterrani_Central_Occidental,,2001-2010,1.0
subregio_periode,roni,La Nina,El Nino,episodi_calid_i_sol_sec,35,29,1,1,2.857142857142857,3.4482758620689653,0.5911330049261084,1.0,0.5911330049261084,Mediterrani_Central_Occidental,,2001-2010,1.0
subregio_estacio,roni,La Nina,El Nino,mes_molt_sec,39,37,4,4,10.256410256410255,10.81081081081081,0.5544005544005554,1.0,0.5544005544005554,Llevant_Iberic,Autumn,,1.0
subregio,roni,La Nina,El Nino,episodi_fred_i_humit,146,138,5,4,3.4246575342465753,2.898550724637681,-0.526106809608894,1.0,0.526106809608894,Catalunya_Balears,,,1.0
subregio,roni,La Nina,El Nino,mes_molt_sec,146,138,31,30,21.232876712328768,21.73913043478261,0.5062537224538421,1.0,0.5062537224538421,Golf_Lleo,,,1.0
subregio_estacio,roni,La Nina,El Nino,mes_molt_humit,27,31,1,1,3.7037037037037033,3.225806451612903,-0.47789725209080036,1.0,0.47789725209080036,Llevant_Iberic,Summer,,1.0
subregio_estacio,roni,La Nina,El Nino,episodi_fred_i_humit,27,31,1,1,3.7037037037037033,3.225806451612903,-0.47789725209080036,1.0,0.47789725209080036,Llevant_Iberic,Summer,,1.0
subregio_estacio,roni,La Nina,El Nino,mes_molt_sec,27,31,1,1,3.7037037037037033,3.225806451612903,-0.47789725209080036,1.0,0.47789725209080036,Golf_Lleo,Summer,,1.0
subregio,roni,La Nina,El Nino,mes_molt_sec,146,138,12,12,8.21917808219178,8.695652173913043,0.47647409172126287,1.0,0.47647409172126287,Mediterrani_Central_Occidental,,,1.0
periode,roni,La Nina,El Nino,episodi_calid_i_sol_sec,144,204,5,8,3.4722222222222223,3.9215686274509802,0.44934640522875796,1.0,0.44934640522875796,,,1991-2000,1.0
subregio_estacio,roni,La Nina,El Nino,episodi_calid_i_sol_sec,39,37,3,3,7.6923076923076925,8.108108108108109,0.4158004158004158,1.0,0.4158004158004158,Llevant_Iberic,Autumn,,1.0
subregio_estacio,roni,La Nina,El Nino,episodi_calid_i_sec,39,37,3,3,7.6923076923076925,8.108108108108109,0.4158004158004158,1.0,0.4158004158004158,Golf_Lleo,Autumn,,1.0
subregio,roni,La Nina,El Nino,episodi_calid_i_sec,146,138,9,9,6.164383561643835,6.521739130434782,0.35735556879094715,1.0,0.35735556879094715,Golf_Lleo,,,1.0
subregio_periode,roni,La Nina,El Nino,mes_molt_sec,36,51,2,3,5.555555555555555,5.88235294117647,0.32679738562091526,1.0,0.32679738562091526,Llevant_Iberic,,1991-2000,1.0
subregio_periode,roni,La Nina,El Nino,mes_molt_humit,36,51,2,3,5.555555555555555,5.88235294117647,0.32679738562091526,1.0,0.32679738562091526,Catalunya_Balears,,1991-2000,1.0
subregio_periode,roni,La Nina,El Nino,mes_molt_sec,36,51,2,3,5.555555555555555,5.88235294117647,0.32679738562091526,1.0,0.32679738562091526,Mediterrani_Central_Occidental,,1991-2000,1.0
subregio_estacio,roni,La Nina,El Nino,episodi_calid_i_sec,46,40,1,1,2.1739130434782608,2.5,0.32608695652173936,1.0,0.32608695652173936,Llevant_Iberic,Winter,,1.0
subregio_estacio,roni,La Nina,El Nino,episodi_fred_i_humit,46,40,1,1,2.1739130434782608,2.5,0.32608695652173936,1.0,0.32608695652173936,Llevant_Iberic,Winter,,1.0
subregio_estacio,roni,La Nina,El Nino,episodi_calid_i_sol_sec,46,40,1,1,2.1739130434782608,2.5,0.32608695652173936,1.0,0.32608695652173936,Golf_Lleo,Winter,,1.0
estacio,roni,La Nina,El Nino,mes_molt_humit,184,160,27,24,14.673913043478262,15.0,0.32608695652173725,1.0,0.32608695652173725,,Winter,,1.0
subregio,roni,La Nina,El Nino,episodi_calid_i_sol_sec,146,138,8,8,5.47945205479452,5.797101449275362,0.3176493944808422,1.0,0.3176493944808422,Golf_Lleo,,,1.0
subregio_estacio,roni,La Nina,El Nino,episodi_fred_i_humit,39,37,2,2,5.128205128205128,5.405405405405405,0.2772002772002777,1.0,0.2772002772002777,Golf_Lleo,Autumn,,1.0
subregio_periode,roni,La Nina,El Nino,mes_molt_humit,30,34,7,8,23.333333333333332,23.52941176470588,0.19607843137254832,1.0,0.19607843137254832,Golf_Lleo,,1981-1990,1.0
subregio_periode,roni,La Nina,El Nino,mes_molt_calid,36,51,5,7,13.88888888888889,13.725490196078432,-0.16339869281045694,1.0,0.16339869281045694,Llevant_Iberic,,1991-2000,1.0
subregio_estacio,roni,La Nina,El Nino,episodi_calid_i_sec,39,37,1,1,2.564102564102564,2.7027027027027026,0.13860013860013884,1.0,0.13860013860013884,Mediterrani_Central_Occidental,Autumn,,1.0
periode,roni,La Nina,El Nino,episodi_calid_i_sec,144,204,3,4,2.083333333333333,1.9607843137254901,-0.12254901960784305,1.0,0.12254901960784305,,,1991-2000,1.0
estacio,roni,La Nina,El Nino,mes_molt_sec,108,124,1,1,0.9259259259259258,0.8064516129032258,-0.11947431302270009,1.0,0.11947431302270009,,Summer,,1.0
subregio,roni,La Nina,El Nino,episodi_fred_i_humit,146,138,3,3,2.054794520547945,2.1739130434782608,0.11911852293031572,1.0,0.11911852293031572,Llevant_Iberic,,,1.0
estacio,roni,La Nina,El Nino,episodi_fred_i_humit,156,148,3,3,1.9230769230769231,2.027027027027027,0.10395010395010396,1.0,0.10395010395010396,,Autumn,,1.0
subregio_periode,roni,La Nina,El Nino,mes_molt_humit,35,29,6,5,17.142857142857142,17.24137931034483,0.09852216748768572,1.0,0.09852216748768572,Mediterrani_Central_Occidental,,2001-2010,1.0
subregio,roni,La Nina,El Nino,mes_molt_calid,146,138,20,19,13.698630136986301,13.768115942028986,0.06948580504268498,1.0,0.06948580504268498,Catalunya_Balears,,,1.0
periode,roni,La Nina,El Nino,mes_molt_humit,180,96,28,15,15.555555555555555,15.625,0.0694444444444442,1.0,0.0694444444444442,,,2011-2020,1.0
subregio,roni,La Nina,El Nino,mes_molt_humit,146,138,17,16,11.643835616438356,11.594202898550725,-0.04963271788763074,1.0,0.04963271788763074,Catalunya_Balears,,,1.0
estacio,roni,La Nina,El Nino,episodi_calid_i_sec,108,124,0,0,0.0,0.0,0.0,,0.0,,Summer,,
subregio_periode,roni,La Nina,El Nino,episodi_fred_i_humit,45,24,0,0,0.0,0.0,0.0,,0.0,Llevant_Iberic,,2011-2020,
subregio_periode,roni,La Nina,El Nino,episodi_fred_i_humit,45,24,0,0,0.0,0.0,0.0,,0.0,Golf_Lleo,,2011-2020,
subregio_estacio,roni,La Nina,El Nino,episodi_fred_i_humit,39,37,0,0,0.0,0.0,0.0,,0.0,Catalunya_Balears,Autumn,,
subregio_periode,roni,La Nina,El Nino,episodi_fred_i_humit,36,51,0,0,0.0,0.0,0.0,,0.0,Mediterrani_Central_Occidental,,1991-2000,
subregio_estacio,roni,La Nina,El Nino,mes_molt_sec,34,30,0,0,0.0,0.0,0.0,,0.0,Llevant_Iberic,Spring,,
subregio_estacio,roni,La Nina,El Nino,episodi_calid_i_sec,34,30,0,0,0.0,0.0,0.0,,0.0,Llevant_Iberic,Spring,,
subregio_estacio,roni,La Nina,El Nino,episodi_calid_i_sec,34,30,0,0,0.0,0.0,0.0,,0.0,Mediterrani_Central_Occidental,Spring,,
subregio_periode,roni,La Nina,El Nino,episodi_calid_i_sec,30,34,0,0,0.0,0.0,0.0,,0.0,Llevant_Iberic,,1981-1990,
subregio_periode,roni,La Nina,El Nino,episodi_calid_i_sec,30,34,0,0,0.0,0.0,0.0,,0.0,Catalunya_Balears,,1981-1990,
subregio_periode,roni,La Nina,El Nino,episodi_calid_i_sec,30,34,0,0,0.0,0.0,0.0,,0.0,Mediterrani_Central_Occidental,,1981-1990,
subregio_estacio,roni,La Nina,El Nino,mes_molt_sec,27,31,0,0,0.0,0.0,0.0,,0.0,Llevant_Iberic,Summer,,
subregio_estacio,roni,La Nina,El Nino,episodi_calid_i_sec,27,31,0,0,0.0,0.0,0.0,,0.0,Llevant_Iberic,Summer,,
subregio_estacio,roni,La Nina,El Nino,mes_molt_sec,27,31,0,0,0.0,0.0,0.0,,0.0,Catalunya_Balears,Summer,,
subregio_estacio,roni,La Nina,El Nino,episodi_calid_i_sec,27,31,0,0,0.0,0.0,0.0,,0.0,Catalunya_Balears,Summer,,
subregio_estacio,roni,La Nina,El Nino,episodi_calid_i_sec,27,31,0,0,0.0,0.0,0.0,,0.0,Golf_Lleo,Summer,,
subregio_estacio,roni,La Nina,El Nino,mes_molt_sec,27,31,0,0,0.0,0.0,0.0,,0.0,Mediterrani_Central_Occidental,Summer,,
subregio_estacio,roni,La Nina,El Nino,mes_molt_humit,27,31,0,0,0.0,0.0,0.0,,0.0,Mediterrani_Central_Occidental,Summer,,
subregio_estacio,roni,La Nina,El Nino,episodi_calid_i_sec,27,31,0,0,0.0,0.0,0.0,,0.0,Mediterrani_Central_Occidental,Summer,,
subregio_estacio,roni,La Nina,El Nino,episodi_fred_i_humit,27,31,0,0,0.0,0.0,0.0,,0.0,Mediterrani_Central_Occidental,Summer,,
