ambit,teleconnexio,variable_booleana,n,n_events,event_rate_pct,pointbiserial_r,p_value,abs_r,subregio,estacio,periode,q_fdr
subregio_estacio,roni,mes_molt_humit,120,12,10.0,-0.27681377480437674,0.002208615698332562,0.27681377480437674,Mediterrani_Central_Occidental,Spring,,0.12368247910662347
subregio_estacio,roni,mes_molt_humit,120,11,9.166666666666666,0.25574942943991047,0.004812603245366883,0.25574942943991047,Golf_Lleo,Summer,,0.17150367928943802
subregio_periode,roni,episodi_calid_i_sol_sec,120,14,11.666666666666666,0.24261426056847535,0.0075873509785434725,0.24261426056847535,Catalunya_Balears,,2011-2020,0.22878781412223395
subregio_estacio,roni,sol_molt_sec,120,29,24.166666666666668,-0.23800922433263383,0.008852437907281753,0.23800922433263383,Golf_Lleo,Autumn,,0.24208775334895322
subregio_periode,roni,mes_molt_calid,120,49,40.833333333333336,0.23162029767972211,0.010914340474589855,0.23162029767972211,Golf_Lleo,,2011-2020,0.25525225149847636
subregio_estacio,roni,sol_molt_sec,120,40,33.33333333333333,-0.23038708091663404,0.011357610233092659,0.23038708091663404,Llevant_Iberic,Autumn,,0.25525225149847636
subregio_estacio,roni,mes_molt_humit,120,25,20.833333333333336,-0.2294077974793704,0.01172076665044024,0.2294077974793704,Golf_Lleo,Spring,,0.25525225149847636
subregio_estacio,roni,episodi_calid_i_sec,120,2,1.6666666666666667,0.22351656858896438,0.014127535735408838,0.22351656858896438,Llevant_Iberic,Autumn,,0.27689970041401324
subregio_periode,roni,episodi_calid_i_sec,120,2,1.6666666666666667,0.21991691305955124,0.01580108411266784,0.21991691305955124,Llevant_Iberic,,2011-2020,0.29495357010313306
subregio_periode,roni,episodi_fred_i_humit,120,2,1.6666666666666667,-0.20241462682505323,0.026613804204882664,0.20241462682505323,Mediterrani_Central_Occidental,,2001-2010,0.39509735236613647
subregio_estacio,roni,sol_molt_humit,120,30,25.0,-0.20146959717464652,0.02734436235684671,0.20146959717464652,Golf_Lleo,Spring,,0.39509735236613647
subregio_periode,roni,mes_molt_fred,120,14,11.666666666666666,-0.19268309348578122,0.03499255005629643,0.19268309348578122,Golf_Lleo,,2011-2020,0.4710503124313148
subregio_periode,roni,episodi_calid_i_sec,120,7,5.833333333333333,0.19026791415672212,0.03738638495381945,0.19026791415672212,Catalunya_Balears,,2011-2020,0.47275686780313625
subregio_estacio,roni,sol_molt_humit,120,39,32.5,-0.18424685483142017,0.04395933756446707,0.18424685483142017,Catalunya_Balears,Spring,,0.5122318969531707
estacio,roni,mes_molt_humit,480,66,13.750000000000002,-0.18416866732409395,4.924408853253492e-05,0.18416866732409395,,Spring,,0.013045576928769703
subregio_estacio,roni,mes_molt_humit,120,16,13.333333333333334,-0.18384674825075423,0.04442827677655052,0.18384674825075423,Catalunya_Balears,Spring,,0.5122318969531707
subregio_periode,roni,mes_molt_sec,120,3,2.5,0.1820359078716444,0.04660306084193259,0.1820359078716444,Llevant_Iberic,,2001-2010,0.5129722796098283
subregio_estacio,roni,mes_molt_calid,120,10,8.333333333333332,-0.18146676831154776,0.047304586155871485,0.18146676831154776,Mediterrani_Central_Occidental,Spring,,0.5129722796098283
subregio_estacio,roni,episodi_fred_i_humit,120,2,1.6666666666666667,0.18057745135642528,0.04841830190194808,0.18057745135642528,Catalunya_Balears,Summer,,0.5129722796098283
periode,roni,mes_molt_calid,480,151,31.458333333333332,0.17879237726460478,8.19199671015213e-05,0.17879237726460478,,,2011-2020,0.013045576928769703
estacio,roni,sol_molt_humit,480,153,31.874999999999996,-0.1766601744025743,9.98385989446661e-05,0.1766601744025743,,Spring,,0.013045576928769703
subregio_periode,roni,mes_molt_sec,120,6,5.0,0.17545841236272328,0.055259476651105095,0.17545841236272328,Catalunya_Balears,,2001-2010,0.5480605478763202
subregio_estacio,roni,sol_molt_humit,120,43,35.833333333333336,-0.17515026469453587,0.05569546535325576,0.17515026469453587,Llevant_Iberic,Spring,,0.5480605478763202
subregio_periode,roni,sol_molt_sec,120,27,22.5,-0.17382711728259287,0.057599817379275726,0.17382711728259287,Catalunya_Balears,,1981-1990,0.5480605478763202
estacio,roni,sol_molt_sec,480,141,29.375,-0.17040031132929132,0.00017611809649012672,0.17040031132929132,,Autumn,,0.017259573456032417
subregio_periode,roni,episodi_calid_i_sol_sec,120,15,12.5,0.167771253813249,0.06700945584112812,0.167771253813249,Llevant_Iberic,,2011-2020,0.5480605478763202
subregio_estacio,roni,sol_molt_sec,120,36,30.0,0.16742024016699072,0.06759107630015254,0.16742024016699072,Mediterrani_Central_Occidental,Spring,,0.5480605478763202
subregio_periode,roni,mes_molt_sec,120,12,10.0,0.16577037895980792,0.07038001691132328,0.16577037895980792,Mediterrani_Central_Occidental,,2011-2020,0.5480605478763202
subregio_periode,roni,mes_molt_calid,120,37,30.833333333333336,0.1655377685998883,0.07078061487575543,0.1655377685998883,Catalunya_Balears,,2011-2020,0.5480605478763202
subregio_periode,roni,mes_molt_sec,120,21,17.5,0.163648891161395,0.07410239754717746,0.163648891161395,Golf_Lleo,,1991-2000,0.5480605478763202
subregio_estacio,roni,mes_molt_fred,120,15,12.5,-0.16290086342070406,0.0754521694387788,0.16290086342070406,Mediterrani_Central_Occidental,Autumn,,0.5480605478763202
subregio_estacio,roni,episodi_fred_i_humit,120,5,4.166666666666666,0.16153658219323866,0.07796490770481133,0.16153658219323866,Golf_Lleo,Summer,,0.5480605478763202
subregio_estacio,roni,mes_molt_sec,120,6,5.0,0.16094862150928854,0.0790683549155004,0.16094862150928854,Catalunya_Balears,Spring,,0.5480605478763202
subregio_periode,roni,mes_molt_calid,120,29,24.166666666666668,0.16033223137875624,0.08023858514041987,0.16033223137875624,Llevant_Iberic,,2011-2020,0.5480605478763202
subregio_periode,roni,mes_molt_calid,120,36,30.0,0.15964420909390864,0.08156117414640787,0.15964420909390864,Mediterrani_Central_Occidental,,2011-2020,0.5480605478763202
subregio_estacio,roni,mes_molt_calid,120,15,12.5,0.15955510679111,0.08173372585705956,0.15955510679111,Catalunya_Balears,Summer,,0.5480605478763202
subregio_periode,roni,episodi_calid_i_sol_sec,120,3,2.5,0.1590918296699468,0.08263560573528184,0.1590918296699468,Mediterrani_Central_Occidental,,1981-1990,0.5480605478763202
subregio_periode,roni,mes_molt_calid,120,8,6.666666666666667,0.15782035073769077,0.08515180863060727,0.15782035073769077,Mediterrani_Central_Occidental,,1981-1990,0.5480605478763202
subregio_estacio,roni,mes_molt_fred,120,17,14.166666666666666,0.15775392143197753,0.08528493219503962,0.15775392143197753,Catalunya_Balears,Summer,,0.5480605478763202
periode,roni,episodi_calid_i_sec,480,27,5.625,0.15653094030568004,0.0005780322120548754,0.15653094030568004,,,2011-2020,0.045317725425102234
subregio_periode,roni,mes_molt_fred,120,25,20.833333333333336,-0.1555075309616233,0.08988528847008655,0.1555075309616233,Llevant_Iberic,,1981-1990,0.5555823977212263
subregio_estacio,roni,mes_molt_calid,120,26,21.666666666666668,-0.1553879257884006,0.09013564997622113,0.1553879257884006,Golf_Lleo,Spring,,0.5555823977212263
subregio_estacio,roni,mes_molt_calid,120,16,13.333333333333334,0.15511580320244794,0.09070733024020021,0.15511580320244794,Llevant_Iberic,Summer,,0.5555823977212263
subregio_periode,roni,episodi_calid_i_sec,120,3,2.5,0.15400342927735847,0.09307422481770913,0.15400342927735847,Catalunya_Balears,,2001-2010,0.5613091712083382
periode,roni,episodi_calid_i_sol_sec,480,59,12.291666666666666,0.1539650366734867,0.0007127886469775152,0.1539650366734867,,,2011-2020,0.046568858269197655
subregio_estacio,roni,sol_molt_humit,120,41,34.166666666666664,-0.15132128357317237,0.09898261754601015,0.15132128357317237,Mediterrani_Central_Occidental,Spring,,0.5809369608223528
subregio_estacio,roni,sol_molt_humit,120,38,31.666666666666664,0.15042495852956403,0.10102168419036577,0.15042495852956403,Catalunya_Balears,Autumn,,0.5809369608223528
subregio_estacio,roni,episodi_fred_i_humit,120,4,3.3333333333333335,-0.14969344325909512,0.10271018355338518,0.14969344325909512,Mediterrani_Central_Occidental,Spring,,0.5809369608223528
subregio_periode,roni,episodi_calid_i_sec,120,12,10.0,0.14864533981106742,0.1051679684179181,0.14864533981106742,Golf_Lleo,,2011-2020,0.5809369608223528
subregio_estacio,roni,episodi_fred_i_humit,120,3,2.5,-0.14855267724872173,0.10538745877072563,0.14855267724872173,Catalunya_Balears,Spring,,0.5809369608223528
subregio_periode,roni,episodi_calid_i_sec,120,2,1.6666666666666667,0.14800056106349782,0.1067027070898199,0.14800056106349782,Llevant_Iberic,,2001-2010,0.5809369608223528
subregio_estacio,roni,episodi_calid_i_sol_sec,120,6,5.0,0.1472206389813858,0.10858247609394898,0.1472206389813858,Catalunya_Balears,Winter,,0.5830730223127124
subregio_estacio,roni,episodi_calid_i_sec,120,6,5.0,0.1437443547079174,0.11727729587242162,0.1437443547079174,Mediterrani_Central_Occidental,Winter,,0.6009614150145004
subregio_periode,roni,sol_molt_humit,120,48,40.0,-0.14199792792957433,0.12184435473173823,0.14199792792957433,Llevant_Iberic,,1981-1990,0.6009614150145004
subregio_estacio,roni,mes_molt_sec,120,7,5.833333333333333,0.14193909940737706,0.12200055273721644,0.14193909940737706,Llevant_Iberic,Winter,,0.6009614150145004
subregio_estacio,roni,sol_molt_sec,120,43,35.833333333333336,0.14180642132525395,0.12235339894221184,0.14180642132525395,Llevant_Iberic,Spring,,0.6009614150145004
subregio_estacio,roni,mes_molt_fred,120,17,14.166666666666666,0.14112490652347676,0.12417825157187382,0.14112490652347676,Mediterrani_Central_Occidental,Summer,,0.6009614150145004
subregio_estacio,roni,episodi_calid_i_sol_sec,120,9,7.5,0.13957772309474895,0.12839881366825528,0.13957772309474895,Catalunya_Balears,Summer,,0.6081422352576132
subregio_estacio,roni,episodi_calid_i_sec,120,7,5.833333333333333,0.13870647615270154,0.13082345684908936,0.13870647615270154,Golf_Lleo,Winter,,0.6090757738171979
subregio_periode,roni,mes_molt_calid,120,21,17.5,0.13771549267570493,0.13362376670479342,0.13771549267570493,Llevant_Iberic,,2001-2010,0.6090757738171979
subregio_periode,roni,episodi_calid_i_sol_sec,120,1,0.8333333333333334,0.1360526642664841,0.13842511790535975,0.1360526642664841,Catalunya_Balears,,1981-1990,0.6237085772287473
estacio,roni,mes_molt_calid,480,61,12.708333333333332,-0.13554925245746863,0.002922849412605742,0.13554925245746863,,Spring,,0.13745902406512991
estacio,roni,mes_molt_calid,480,73,15.208333333333332,0.13448351490082588,0.0031559469810871666,0.13448351490082588,,Summer,,0.13745902406512991
subregio_estacio,roni,mes_molt_humit,120,3,2.5,0.13296552850624968,0.1476854708069642,0.13296552850624968,Catalunya_Balears,Summer,,0.6402316871463372
subregio_periode,roni,sol_molt_sec,120,43,35.833333333333336,-0.13221090343942238,0.15001860722976224,0.13221090343942238,Llevant_Iberic,,1991-2000,0.6402316871463372
subregio_estacio,roni,episodi_calid_i_sol_sec,120,14,11.666666666666666,0.13198115976315,0.1507344065618472,0.13198115976315,Golf_Lleo,Summer,,0.6402316871463372
subregio_estacio,roni,sol_molt_humit,120,32,26.666666666666668,0.13095250931056246,0.15397085509428668,0.13095250931056246,Golf_Lleo,Summer,,0.6402316871463372
subregio_estacio,roni,mes_molt_fred,120,21,17.5,-0.1302359143944237,0.1562561080699004,0.1302359143944237,Catalunya_Balears,Autumn,,0.6402316871463372
estacio,roni,sol_molt_sec,480,144,30.0,0.12961139036699676,0.004451668255308263,0.12961139036699676,,Spring,,0.17150367928943802
subregio_estacio,roni,mes_molt_fred,120,27,22.5,0.12906095746421747,0.1600579217865843,0.12906095746421747,Golf_Lleo,Spring,,0.6402316871463372
subregio_periode,roni,sol_molt_sec,120,23,19.166666666666668,-0.1275790934629288,0.16495071356703772,0.1275790934629288,Golf_Lleo,,1981-1990,0.653138178972513
subregio_estacio,roni,sol_molt_sec,120,30,25.0,-0.12647219196301757,0.16867736441843298,0.12647219196301757,Catalunya_Balears,Autumn,,0.6562970036225494
subregio_periode,roni,mes_molt_fred,120,6,5.0,-0.12634871011167212,0.16909693205580992,0.12634871011167212,Catalunya_Balears,,2011-2020,0.6562970036225494
subregio_estacio,roni,mes_molt_calid,120,18,15.0,0.12471953337400904,0.17470512283437328,0.12471953337400904,Mediterrani_Central_Occidental,Summer,,0.6663026584513394
subregio_periode,roni,episodi_calid_i_sec,120,6,5.0,0.12352000764648541,0.17892108675421087,0.12352000764648541,Mediterrani_Central_Occidental,,2011-2020,0.6743948654581794
periode,roni,mes_molt_fred,480,26,5.416666666666667,-0.12347480937811645,0.006758487079508445,0.12347480937811645,,,2011-2020,0.22077724459727585
subregio_estacio,roni,mes_molt_fred,120,28,23.333333333333332,-0.12234416620541945,0.18312584834430604,0.12234416620541945,Golf_Lleo,Autumn,,0.6836698338187426
estacio,roni,mes_molt_humit,480,16,3.3333333333333335,0.11866180363355128,0.009263561990393618,0.11866180363355128,,Summer,,0.24208775334895322
subregio_estacio,roni,sol_molt_sec,120,41,34.166666666666664,0.11786524374886233,0.19980449636278155,0.11786524374886233,Catalunya_Balears,Spring,,0.7388996469265129
subregio_estacio,roni,episodi_calid_i_sol_sec,120,10,8.333333333333332,0.11673111827977095,0.20419631350861503,0.11673111827977095,Llevant_Iberic,Winter,,0.7480836906110008
subregio_estacio,roni,mes_molt_calid,120,12,10.0,-0.11469736203460995,0.21224472014641155,0.11469736203460995,Llevant_Iberic,Spring,,0.7681630157651084
subregio_periode,roni,mes_molt_sec,120,14,11.666666666666666,-0.11289688204780764,0.21955659968749877,0.11289688204780764,Mediterrani_Central_Occidental,,1981-1990,0.7804405082669228
estacio,roni,mes_molt_fred,480,82,17.083333333333332,-0.1126684288698094,0.013516046196093704,0.1126684288698094,,Autumn,,0.27689970041401324
subregio_periode,roni,episodi_calid_i_sol_sec,120,4,3.3333333333333335,-0.10998028037747885,0.23177671529287838,0.10998028037747885,Golf_Lleo,,1981-1990,0.7812700673212901
subregio_periode,roni,mes_molt_sec,120,28,23.333333333333332,-0.10923471166735502,0.23497561011801102,0.10923471166735502,Golf_Lleo,,1981-1990,0.7812700673212901
subregio_estacio,roni,mes_molt_calid,120,21,17.5,0.10911937256568387,0.23547322041889066,0.10911937256568387,Mediterrani_Central_Occidental,Winter,,0.7812700673212901
estacio,roni,mes_molt_fred,480,77,16.041666666666668,0.1085759869592807,0.017330631776048547,0.1085759869592807,,Summer,,0.30880034800959233
subregio_periode,roni,mes_molt_fred,120,3,2.5,-0.1079330275313606,0.24063425445766007,0.1079330275313606,Llevant_Iberic,,2011-2020,0.7812700673212901
subregio_estacio,roni,mes_molt_calid,120,24,20.0,0.10785525100853187,0.240975337102027,0.10785525100853187,Golf_Lleo,Summer,,0.7812700673212901
subregio_periode,roni,episodi_calid_i_sol_sec,120,13,10.833333333333334,0.10777501810655359,0.24132754405485385,0.10777501810655359,Mediterrani_Central_Occidental,,2011-2020,0.7812700673212901
subregio_periode,roni,mes_molt_calid,120,14,11.666666666666666,0.10639583875747381,0.24743785924033054,0.10639583875747381,Mediterrani_Central_Occidental,,2001-2010,0.7822229098565288
subregio_estacio,roni,episodi_fred_i_humit,120,2,1.6666666666666667,-0.10388218226912252,0.2588475720830768,0.10388218226912252,Mediterrani_Central_Occidental,Autumn,,0.7903978012247348
subregio_periode,roni,mes_molt_fred,120,13,10.833333333333334,-0.1036463213294091,0.25993633934254184,0.1036463213294091,Mediterrani_Central_Occidental,,2001-2010,0.7903978012247348
subregio_periode,roni,sol_molt_sec,120,35,29.166666666666668,0.10360975836936528,0.26010539887242545,0.10360975836936528,Catalunya_Balears,,2001-2010,0.7903978012247348
subregio_estacio,roni,mes_molt_calid,120,13,10.833333333333334,-0.10298507974679783,0.2630053926846014,0.10298507974679783,Catalunya_Balears,Spring,,0.7930624148643365
estacio,roni,episodi_calid_i_sol_sec,480,24,5.0,0.10202894342629688,0.025394367610188998,0.10202894342629688,,Winter,,0.39509735236613647
subregio_periode,roni,episodi_fred_i_humit,120,6,5.0,-0.10170465756250377,0.26901825173445276,0.10170465756250377,Mediterrani_Central_Occidental,,1981-1990,0.7968196487210121
subregio_periode,roni,episodi_calid_i_sol_sec,120,17,14.166666666666666,0.10136299608867713,0.27063831519677395,0.10136299608867713,Golf_Lleo,,2011-2020,0.7968196487210121
subregio_periode,roni,sol_molt_humit,120,35,29.166666666666668,-0.10099675895681012,0.2723822268587133,0.10099675895681012,Golf_Lleo,,1991-2000,0.7968196487210121
estacio,roni,episodi_calid_i_sec,480,23,4.791666666666667,0.10095377465019481,0.02698929533555989,0.10095377465019481,,Winter,,0.39509735236613647
subregio,roni,episodi_calid_i_sec,480,7,1.4583333333333333,0.100160123598762,0.02822123945472403,0.100160123598762,Llevant_Iberic,,,0.39509735236613647
subregio_periode,roni,episodi_fred_i_humit,120,1,0.8333333333333334,-0.09946568110532926,0.2797548545545733,0.09946568110532926,Catalunya_Balears,,2011-2020,0.8034594894147192
subregio_estacio,roni,mes_molt_calid,120,24,20.0,0.0992506555982978,0.28080089298422584,0.0992506555982978,Llevant_Iberic,Winter,,0.8034594894147192
subregio_estacio,roni,sol_molt_humit,120,20,16.666666666666664,-0.09854326423058539,0.28426063411599467,0.09854326423058539,Llevant_Iberic,Summer,,0.8074649896628254
subregio_periode,roni,episodi_calid_i_sol_sec,120,5,4.166666666666666,-0.09685004251525196,0.292657168502028,0.09685004251525196,Llevant_Iberic,,1991-2000,0.8102221447032975
subregio_estacio,roni,mes_molt_calid,120,29,24.166666666666668,0.09635209463152158,0.2951574139891032,0.09635209463152158,Golf_Lleo,Autumn,,0.8102221447032975
subregio_estacio,roni,mes_molt_fred,120,28,23.333333333333332,0.09615262544418988,0.2961629193747667,0.09615262544418988,Golf_Lleo,Summer,,0.8102221447032975
subregio_estacio,roni,mes_molt_sec,120,28,23.333333333333332,0.09572839972056044,0.29830891767786255,0.09572839972056044,Golf_Lleo,Spring,,0.8102221447032975
estacio,roni,episodi_calid_i_sol_sec,480,35,7.291666666666667,0.0957153391159604,0.03604976880851899,0.0957153391159604,,Summer,,0.4710503124313148
subregio_estacio,roni,sol_molt_sec,120,42,35.0,-0.09475484775605439,0.303272420304457,0.09475484775605439,Mediterrani_Central_Occidental,Autumn,,0.8102221447032975
subregio_periode,roni,episodi_calid_i_sec,120,3,2.5,-0.09468313772011544,0.30364015320857013,0.09468313772011544,Catalunya_Balears,,1991-2000,0.8102221447032975
subregio_estacio,roni,episodi_calid_i_sec,120,2,1.6666666666666667,0.09450103695507267,0.30457528958672503,0.09450103695507267,Catalunya_Balears,Spring,,0.8102221447032975
subregio_periode,roni,mes_molt_humit,120,20,16.666666666666664,0.09443785775212218,0.3049001723237888,0.09443785775212218,Catalunya_Balears,,2001-2010,0.8102221447032975
subregio_estacio,roni,mes_molt_sec,120,20,16.666666666666664,-0.09372097018501474,0.3086024806667159,0.09372097018501474,Catalunya_Balears,Autumn,,0.8118937746399506
subregio_estacio,roni,sol_molt_sec,120,24,20.0,0.09240635527876706,0.31546763908288983,0.09240635527876706,Golf_Lleo,Spring,,0.8175598502236049
subregio_periode,roni,mes_molt_sec,120,10,8.333333333333332,-0.09140014437325225,0.320788650135866,0.09140014437325225,Catalunya_Balears,,1981-1990,0.8175598502236049
subregio_periode,roni,sol_molt_sec,120,30,25.0,0.09017077117716282,0.32736789223683105,0.09017077117716282,Mediterrani_Central_Occidental,,2011-2020,0.8175598502236049
subregio_estacio,roni,mes_molt_fred,120,19,15.833333333333332,-0.09005590165667637,0.32798702673431385,0.09005590165667637,Llevant_Iberic,Winter,,0.8175598502236049
subregio_estacio,roni,episodi_fred_i_humit,120,4,3.3333333333333335,0.08972596032412566,0.3297695432297258,0.08972596032412566,Llevant_Iberic,Autumn,,0.8175598502236049
subregio_periode,roni,mes_molt_sec,120,3,2.5,0.08950543746503069,0.33096437030242937,0.08950543746503069,Llevant_Iberic,,2011-2020,0.8175598502236049
subregio_periode,roni,sol_molt_humit,120,34,28.333333333333332,-0.08938434299764167,0.33162165327622606,0.08938434299764167,Mediterrani_Central_Occidental,,2011-2020,0.8175598502236049
subregio_estacio,roni,episodi_calid_i_sol_sec,120,4,3.3333333333333335,-0.08873231252009713,0.3351750849577348,0.08873231252009713,Mediterrani_Central_Occidental,Spring,,0.8175598502236049
subregio_periode,roni,mes_molt_humit,120,16,13.333333333333334,0.08862111252111365,0.33578350991326633,0.08862111252111365,Llevant_Iberic,,2001-2010,0.8175598502236049
subregio_estacio,roni,mes_molt_calid,120,18,15.0,0.08781404915913431,0.34022032834106164,0.08781404915913431,Mediterrani_Central_Occidental,Autumn,,0.82024668113296
subregio_estacio,roni,mes_molt_sec,120,16,13.333333333333334,-0.08731676251531173,0.34297253532017774,0.08731676251531173,Mediterrani_Central_Occidental,Autumn,,0.82024668113296
estacio,roni,episodi_fred_i_humit,480,9,1.875,0.08485909383522593,0.06321530287027012,0.08485909383522593,,Summer,,0.5480605478763202
periode,roni,mes_molt_calid,480,78,16.25,0.0840458478482246,0.06579649280952336,0.0840458478482246,,,2001-2010,0.5480605478763202
subregio_periode,roni,mes_molt_calid,120,28,23.333333333333332,0.08390227219385067,0.3622474566214134,0.08390227219385067,Golf_Lleo,,2001-2010,0.8405176403014156
subregio,roni,episodi_fred_i_humit,480,10,2.083333333333333,-0.08384309947582,0.06645331484867012,0.08384309947582,Mediterrani_Central_Occidental,,,0.5480605478763202
subregio_estacio,roni,mes_molt_humit,120,13,10.833333333333334,0.08351144537350451,0.3644956217475106,0.08351144537350451,Llevant_Iberic,Winter,,0.8405176403014156
subregio_periode,roni,mes_molt_fred,120,15,12.5,-0.0831229327182236,0.36673898675404126,0.0831229327182236,Llevant_Iberic,,2001-2010,0.8405176403014156
subregio,roni,episodi_calid_i_sol_sec,480,28,5.833333333333333,0.08273567283921315,0.07013657491394255,0.08273567283921315,Catalunya_Balears,,,0.5480605478763202
subregio_periode,roni,mes_molt_sec,120,14,11.666666666666666,0.08257846863676338,0.36989711710182804,0.08257846863676338,Catalunya_Balears,,2011-2020,0.8405176403014156
subregio_estacio,roni,mes_molt_humit,120,20,16.666666666666664,0.08240372095512616,0.3709142562120198,0.08240372095512616,Catalunya_Balears,Autumn,,0.8405176403014156
subregio_estacio,roni,sol_molt_humit,120,6,5.0,-0.08221412306752711,0.37201976912790735,0.08221412306752711,Golf_Lleo,Winter,,0.8405176403014156
subregio_periode,roni,sol_molt_humit,120,28,23.333333333333332,-0.08195718151471051,0.37352116595479845,0.08195718151471051,Mediterrani_Central_Occidental,,1991-2000,0.8405176403014156
subregio_periode,roni,sol_molt_sec,120,34,28.333333333333332,0.08163161937029523,0.37542884557561207,0.08163161937029523,Catalunya_Balears,,2011-2020,0.8405176403014156
subregio_estacio,roni,episodi_calid_i_sol_sec,120,6,5.0,0.08117123778548659,0.3781366398541029,0.08117123778548659,Mediterrani_Central_Occidental,Winter,,0.8405176403014156
subregio_estacio,roni,sol_molt_humit,120,32,26.666666666666668,0.08112411791735781,0.3784144497915085,0.08112411791735781,Catalunya_Balears,Summer,,0.8405176403014156
subregio_estacio,roni,mes_molt_sec,120,15,12.5,0.08104001337515847,0.3789106227067917,0.08104001337515847,Mediterrani_Central_Occidental,Winter,,0.8405176403014156
subregio_estacio,roni,episodi_calid_i_sec,120,14,11.666666666666666,-0.0808631068989693,0.37995556786074197,0.0808631068989693,Golf_Lleo,Spring,,0.8405176403014156
periode,roni,mes_molt_sec,480,58,12.083333333333334,-0.08012643763353428,0.07947749286858305,0.08012643763353428,,,1981-1990,0.5480605478763202
subregio_estacio,roni,mes_molt_fred,120,19,15.833333333333332,-0.07967880524914692,0.38699590385702104,0.07967880524914692,Mediterrani_Central_Occidental,Winter,,0.8405176403014156
subregio_periode,roni,mes_molt_humit,120,8,6.666666666666667,0.07922708952757368,0.38970178757884244,0.07922708952757368,Llevant_Iberic,,1991-2000,0.8405176403014156
subregio_periode,roni,sol_molt_humit,120,26,21.666666666666668,0.07894662367106126,0.3913875455127978,0.07894662367106126,Llevant_Iberic,,1991-2000,0.8405176403014156
estacio,roni,sol_molt_humit,480,154,32.083333333333336,0.07882668359812142,0.08449349522669661,0.07882668359812142,,Autumn,,0.5480605478763202
subregio_periode,roni,sol_molt_sec,120,25,20.833333333333336,-0.07689579457169056,0.4038464721888388,0.07689579457169056,Mediterrani_Central_Occidental,,2001-2010,0.8405176403014156
subregio_periode,roni,sol_molt_humit,120,18,15.0,0.07654368521611471,0.40600888956890385,0.07654368521611471,Golf_Lleo,,2011-2020,0.8405176403014156
subregio_periode,roni,sol_molt_humit,120,29,24.166666666666668,0.0763258227222223,0.4073502651355545,0.0763258227222223,Llevant_Iberic,,2011-2020,0.8405176403014156
subregio_periode,roni,episodi_calid_i_sol_sec,120,12,10.0,0.07622524895144893,0.40797037512136236,0.07622524895144893,Llevant_Iberic,,2001-2010,0.8405176403014156
subregio_estacio,roni,sol_molt_sec,120,29,24.166666666666668,0.07594420450456096,0.40970615846223796,0.07594420450456096,Catalunya_Balears,Summer,,0.8405176403014156
subregio_estacio,roni,mes_molt_fred,120,12,10.0,0.07578942296986596,0.41066396677820466,0.07578942296986596,Mediterrani_Central_Occidental,Spring,,0.8405176403014156
subregio_estacio,roni,mes_molt_fred,120,31,25.833333333333336,-0.07562512334308613,0.41168210953538725,0.07562512334308613,Golf_Lleo,Winter,,0.8405176403014156
subregio_estacio,roni,mes_molt_humit,120,19,15.833333333333332,0.07417790404312966,0.42071400968316613,0.07417790404312966,Llevant_Iberic,Autumn,,0.8424915408311952
estacio,roni,episodi_fred_i_humit,480,19,3.958333333333333,-0.07401286315138274,0.10533228564768331,0.07401286315138274,,Spring,,0.5809369608223528
subregio_estacio,roni,mes_molt_humit,120,2,1.6666666666666667,-0.07307649369273392,0.4276640701285882,0.07307649369273392,Llevant_Iberic,Summer,,0.8424915408311952
subregio_estacio,roni,episodi_fred_i_humit,120,2,1.6666666666666667,-0.07307649369273392,0.4276640701285882,0.07307649369273392,Llevant_Iberic,Summer,,0.8424915408311952
subregio_estacio,roni,sol_molt_humit,120,35,29.166666666666668,0.07256655411271093,0.43090408488192344,0.07256655411271093,Llevant_Iberic,Autumn,,0.8424915408311952
subregio_periode,roni,sol_molt_sec,120,29,24.166666666666668,-0.07248552975506645,0.4314201822285674,0.07248552975506645,Golf_Lleo,,2011-2020,0.8424915408311952
subregio_estacio,roni,episodi_calid_i_sol_sec,120,10,8.333333333333332,0.07129363357505247,0.43905292497619725,0.07129363357505247,Mediterrani_Central_Occidental,Autumn,,0.8424915408311952
subregio_periode,roni,episodi_calid_i_sec,120,2,1.6666666666666667,0.07108015396601096,0.44042805976117205,0.07108015396601096,Mediterrani_Central_Occidental,,2001-2010,0.8424915408311952
periode,roni,mes_molt_sec,480,50,10.416666666666668,0.07063567920451491,0.1222383873007258,0.07063567920451491,,,2011-2020,0.6009614150145004
estacio,roni,mes_molt_sec,480,59,12.291666666666666,0.07034421821378684,0.12379127183773651,0.07034421821378684,,Winter,,0.6009614150145004
estacio,roni,mes_molt_fred,480,89,18.541666666666668,-0.07033174024188679,0.12385809466700563,0.07033174024188679,,Winter,,0.6009614150145004
subregio_estacio,roni,mes_molt_sec,120,6,5.0,-0.07024015669189052,0.4458625360574699,0.07024015669189052,Golf_Lleo,Summer,,0.8424915408311952
subregio_periode,roni,sol_molt_humit,120,32,26.666666666666668,-0.06987091961481277,0.44826324419256114,0.06987091961481277,Golf_Lleo,,1981-1990,0.8424915408311952
subregio_periode,roni,sol_molt_humit,120,41,34.166666666666664,0.06979803034786337,0.44873801122410556,0.06979803034786337,Catalunya_Balears,,1981-1990,0.8424915408311952
estacio,roni,mes_molt_calid,480,102,21.25,0.06942946501813146,0.12876481001628035,0.06942946501813146,,Winter,,0.6081422352576132
subregio_estacio,roni,mes_molt_humit,120,25,20.833333333333336,-0.06910381862739409,0.45327388224651555,0.06910381862739409,Golf_Lleo,Winter,,0.8424915408311952
subregio_estacio,roni,sol_molt_sec,120,25,20.833333333333336,-0.06910381862739404,0.45327388224651555,0.06910381862739404,Catalunya_Balears,Winter,,0.8424915408311952
subregio_periode,roni,sol_molt_sec,120,18,15.0,0.06903533145369313,0.45372274696410836,0.06903533145369313,Golf_Lleo,,1991-2000,0.8424915408311952
subregio_estacio,roni,sol_molt_humit,120,29,24.166666666666668,-0.06868290114363275,0.4560364842882316,0.06868290114363275,Mediterrani_Central_Occidental,Winter,,0.8424915408311952
subregio,roni,mes_molt_sec,480,18,3.75,0.06862893394211869,0.13324309199330459,0.06862893394211869,Llevant_Iberic,,,0.6090757738171979
subregio_estacio,roni,mes_molt_fred,120,13,10.833333333333334,-0.06777650547438833,0.4620170414428857,0.06777650547438833,Llevant_Iberic,Spring,,0.8424915408311952
subregio_estacio,roni,episodi_calid_i_sol_sec,120,5,4.166666666666666,-0.06744275364181809,0.4642300327029034,0.06744275364181809,Golf_Lleo,Autumn,,0.8424915408311952
estacio,roni,mes_molt_sec,480,44,9.166666666666666,0.06731328262575566,0.1408628094126434,0.06731328262575566,,Spring,,0.6274797873835933
subregio_estacio,roni,episodi_calid_i_sol_sec,120,10,8.333333333333332,-0.06708771434548129,0.4665905535137839,0.06708771434548129,Llevant_Iberic,Spring,,0.8428732579603839
subregio_estacio,roni,sol_molt_humit,120,38,31.666666666666664,0.06542309836970492,0.4777451589036309,0.06542309836970492,Golf_Lleo,Autumn,,0.8590646894046942
periode,roni,mes_molt_fred,480,110,22.916666666666664,-0.0652288697807463,0.15361252459093244,0.0652288697807463,,,1981-1990,0.6402316871463372
subregio_periode,roni,mes_molt_humit,120,28,23.333333333333332,-0.0650909932456771,0.47998769852716033,0.0650909932456771,Golf_Lleo,,1991-2000,0.859156063117109
estacio,roni,mes_molt_calid,480,87,18.125,0.06490915217853302,0.15564316307776174,0.06490915217853302,,Autumn,,0.6402316871463372
subregio,roni,mes_molt_calid,480,73,15.208333333333332,0.0647044709677217,0.15695378745078678,0.0647044709677217,Llevant_Iberic,,,0.6402316871463372
periode,roni,episodi_calid_i_sec,480,15,3.125,0.06426000067775726,0.15982853695714908,0.06426000067775726,,,2001-2010,0.6402316871463372
subregio_periode,roni,sol_molt_humit,120,36,30.0,0.06374930201018027,0.4891048776227139,0.06374930201018027,Mediterrani_Central_Occidental,,2001-2010,0.8660973185501626
subregio_estacio,roni,mes_molt_sec,120,37,30.833333333333336,-0.06354606912418988,0.49049388958708184,0.06354606912418988,Golf_Lleo,Autumn,,0.8660973185501626
subregio,roni,mes_molt_calid,480,67,13.958333333333334,0.061998290515286214,0.1750744230114489,0.061998290515286214,Mediterrani_Central_Occidental,,,0.6663026584513394
subregio_estacio,roni,mes_molt_sec,120,13,10.833333333333334,0.06157217001388764,0.5040928869948778,0.06157217001388764,Catalunya_Balears,Winter,,0.8785342068300215
subregio_periode,roni,sol_molt_humit,120,31,25.833333333333336,0.06150203845567702,0.5045796381489027,0.06150203845567702,Catalunya_Balears,,2011-2020,0.8785342068300215
subregio_periode,roni,sol_molt_humit,120,21,17.5,0.05996707025554744,0.5152941176081982,0.05996707025554744,Golf_Lleo,,2001-2010,0.8785342068300215
subregio_periode,roni,episodi_fred_i_humit,120,9,7.5,-0.059707664023876755,0.5171162908604875,0.059707664023876755,Golf_Lleo,,1981-1990,0.8785342068300215
subregio_periode,roni,mes_molt_humit,120,10,8.333333333333332,0.059482294037954936,0.5187020497988744,0.059482294037954936,Llevant_Iberic,,2011-2020,0.8785342068300215
subregio_estacio,roni,mes_molt_calid,120,21,17.5,0.05916030150477816,0.5209719643835474,0.05916030150477816,Llevant_Iberic,Autumn,,0.8785342068300215
subregio_estacio,roni,sol_molt_sec,120,27,22.5,0.058195130076431324,0.5278061489776239,0.058195130076431324,Mediterrani_Central_Occidental,Winter,,0.8785342068300215
subregio_periode,roni,episodi_calid_i_sol_sec,120,8,6.666666666666667,0.05819194572157528,0.5278287711934233,0.05819194572157528,Golf_Lleo,,2001-2010,0.8785342068300215
subregio_estacio,roni,episodi_fred_i_humit,120,4,3.3333333333333335,-0.05810495125932113,0.5284469838129036,0.05810495125932113,Mediterrani_Central_Occidental,Winter,,0.8785342068300215
subregio_periode,roni,episodi_calid_i_sol_sec,120,3,2.5,0.05762217764736247,0.5318843420631324,0.05762217764736247,Golf_Lleo,,1991-2000,0.8785342068300215
subregio_periode,roni,sol_molt_humit,120,34,28.333333333333332,-0.05734360364213437,0.5338728704334247,0.05734360364213437,Catalunya_Balears,,2001-2010,0.8785342068300215
estacio,roni,mes_molt_sec,480,84,17.5,-0.05687089669720539,0.21359634877142045,0.05687089669720539,,Autumn,,0.7681630157651084
subregio_estacio,roni,episodi_calid_i_sec,120,5,4.166666666666666,0.05608239133881797,0.5429218419106439,0.05608239133881797,Catalunya_Balears,Winter,,0.8785342068300215
subregio_estacio,roni,episodi_calid_i_sec,120,5,4.166666666666666,0.056082391338817955,0.5429218419106439,0.056082391338817955,Llevant_Iberic,Winter,,0.8785342068300215
periode,roni,episodi_fred_i_humit,480,22,4.583333333333333,-0.05596500666142171,0.2209920826980317,0.05596500666142171,,,1981-1990,0.7804405082669228
periode,roni,mes_molt_fred,480,71,14.791666666666666,-0.05567396831126713,0.22340652872563563,0.05567396831126713,,,2001-2010,0.7812700673212901
estacio,roni,episodi_calid_i_sec,480,23,4.791666666666667,0.05517497066475858,0.2275898632195365,0.05517497066475858,,Autumn,,0.7812700673212901
subregio,roni,episodi_calid_i_sec,480,13,2.7083333333333335,0.05510926022019171,0.22814486486518323,0.05510926022019171,Catalunya_Balears,,,0.7812700673212901
subregio_estacio,roni,sol_molt_sec,120,15,12.5,0.05435393747829023,0.5554444466587489,0.05435393747829023,Mediterrani_Central_Occidental,Summer,,0.8785342068300215
subregio,roni,episodi_calid_i_sec,480,11,2.2916666666666665,0.05435354880315277,0.23459689502569614,0.05435354880315277,Mediterrani_Central_Occidental,,,0.7812700673212901
subregio_periode,roni,episodi_fred_i_humit,120,9,7.5,0.05431775675021017,0.5557080557715701,0.05431775675021017,Golf_Lleo,,1991-2000,0.8785342068300215
subregio_periode,roni,episodi_fred_i_humit,120,1,0.8333333333333334,-0.05425400787563412,0.5561726702592187,0.05425400787563412,Mediterrani_Central_Occidental,,2011-2020,0.8785342068300215
subregio_estacio,roni,episodi_calid_i_sec,120,10,8.333333333333332,0.05412593585798295,0.5571066496636725,0.05412593585798295,Golf_Lleo,Autumn,,0.8785342068300215
subregio_periode,roni,mes_molt_fred,120,25,20.833333333333336,-0.054113025224796066,0.5572008437188432,0.054113025224796066,Mediterrani_Central_Occidental,,1981-1990,0.8785342068300215
subregio_estacio,roni,episodi_calid_i_sol_sec,120,2,1.6666666666666667,0.05395397036077813,0.5583619121018714,0.05395397036077813,Golf_Lleo,Winter,,0.8785342068300215
subregio_periode,roni,episodi_calid_i_sec,120,7,5.833333333333333,0.05349018304115477,0.5617540788031502,0.05349018304115477,Golf_Lleo,,1991-2000,0.8785342068300215
estacio,roni,episodi_calid_i_sol_sec,480,32,6.666666666666667,-0.053373982526215204,0.24315037809489132,0.053373982526215204,,Spring,,0.7812700673212901
subregio_estacio,roni,episodi_calid_i_sol_sec,120,6,5.0,0.05279491468859772,0.5668576578326496,0.05279491468859772,Catalunya_Balears,Autumn,,0.8785342068300215
subregio_periode,roni,episodi_fred_i_humit,120,4,3.3333333333333335,0.05262287663902883,0.5681238716174856,0.05262287663902883,Catalunya_Balears,,2001-2010,0.8785342068300215
global,roni,episodi_calid_i_sec,1920,64,3.3333333333333335,0.05247539873732438,0.0214797591169805,0.05247539873732438,,,,0.36608980755897197
subregio_periode,roni,episodi_calid_i_sol_sec,120,3,2.5,0.052469439414956034,0.5692543074867996,0.052469439414956034,Llevant_Iberic,,1981-1990,0.8785342068300215
subregio,roni,sol_molt_sec,480,98,20.416666666666668,-0.0524322024216021,0.2515777085382954,0.0524322024216021,Golf_Lleo,,,0.7872730888730921
periode,roni,sol_molt_sec,480,112,23.333333333333332,-0.05226970716320338,0.25305206428063676,0.05226970716320338,,,1981-1990,0.7872730888730921
subregio_estacio,roni,episodi_calid_i_sol_sec,120,11,9.166666666666666,-0.05172272577346795,0.5747707372199051,0.05172272577346795,Golf_Lleo,Spring,,0.881229709304897
subregio_estacio,roni,mes_molt_calid,120,33,27.500000000000004,0.05162467435995639,0.5754969530154429,0.05162467435995639,Golf_Lleo,Winter,,0.881229709304897
subregio_estacio,roni,episodi_calid_i_sol_sec,120,4,3.3333333333333335,0.050824293389325065,0.5814409020245397,0.050824293389325065,Mediterrani_Central_Occidental,Summer,,0.8868670567845118
periode,roni,mes_molt_sec,480,45,9.375,0.050476930355229585,0.2697170315937688,0.050476930355229585,,,1991-2000,0.7968196487210121
subregio_periode,roni,mes_molt_humit,120,15,12.5,-0.0500391784025127,0.5872988674176101,0.0500391784025127,Mediterrani_Central_Occidental,,2001-2010,0.888198540516567
subregio_periode,roni,mes_molt_fred,120,16,13.333333333333334,-0.049782319866582006,0.5892211998494039,0.049782319866582006,Catalunya_Balears,,2001-2010,0.888198540516567
periode,roni,episodi_calid_i_sol_sec,480,33,6.875000000000001,0.04943084660871151,0.2797804123951077,0.04943084660871151,,,2001-2010,0.8034594894147192
subregio_periode,roni,mes_molt_humit,120,8,6.666666666666667,-0.04940666766417321,0.5920377335972552,0.04940666766417321,Mediterrani_Central_Occidental,,1981-1990,0.888198540516567
subregio_estacio,roni,sol_molt_humit,120,41,34.166666666666664,0.049349095894287515,0.5924699290105654,0.049349095894287515,Llevant_Iberic,Winter,,0.888198540516567
subregio_periode,roni,sol_molt_humit,120,36,30.0,-0.048468570442197,0.5990978201351042,0.048468570442197,Llevant_Iberic,,2001-2010,0.8923993796743535
subregio_estacio,roni,mes_molt_humit,120,13,10.833333333333334,-0.048216186434160785,0.6010036638623196,0.048216186434160785,Llevant_Iberic,Spring,,0.8923993796743535
periode,roni,episodi_fred_i_humit,480,5,1.0416666666666665,-0.048071299602117874,0.2932350962735316,0.048071299602117874,,,2011-2020,0.8102221447032975
subregio_periode,roni,mes_molt_sec,120,25,20.833333333333336,-0.04726004308712665,0.6082482394270574,0.04726004308712665,Golf_Lleo,,2001-2010,0.8986872784579195
subregio,roni,episodi_calid_i_sol_sec,480,24,5.0,0.04682917383284145,0.30590019749002045,0.04682917383284145,Mediterrani_Central_Occidental,,,0.8102221447032975
global,roni,mes_molt_calid,1920,323,16.822916666666668,0.046798342424962815,0.04032652519065998,0.046798342424962815,,,,0.4939999335855848
subregio_periode,roni,mes_molt_fred,120,24,20.0,-0.04643473753621595,0.6145321787409892,0.04643473753621595,Catalunya_Balears,,1981-1990,0.8986872784579195
subregio_periode,roni,episodi_fred_i_humit,120,4,3.3333333333333335,0.04621646954108961,0.6161987947158216,0.04621646954108961,Llevant_Iberic,,1991-2000,0.8986872784579195
subregio_periode,roni,sol_molt_sec,120,28,23.333333333333332,0.04612439152578582,0.6169024562386279,0.04612439152578582,Llevant_Iberic,,1981-1990,0.8986872784579195
subregio,roni,sol_molt_humit,480,128,26.666666666666668,-0.04562386481745875,0.31853055407803743,0.04562386481745875,Mediterrani_Central_Occidental,,,0.8175598502236049
subregio_estacio,roni,episodi_calid_i_sec,120,6,5.0,0.045537881741711445,0.6213927064079574,0.045537881741711445,Catalunya_Balears,Autumn,,0.8986872784579195
subregio_periode,roni,mes_molt_humit,120,23,19.166666666666668,-0.04542171548004219,0.6222837226020741,0.04542171548004219,Golf_Lleo,,2011-2020,0.8986872784579195
subregio_estacio,roni,episodi_calid_i_sol_sec,120,8,6.666666666666667,0.04525297996099149,0.6235789279095768,0.04525297996099149,Llevant_Iberic,Summer,,0.8986872784579195
subregio,roni,mes_molt_humit,480,46,9.583333333333334,-0.044708652751855,0.32834521486777324,0.044708652751855,Mediterrani_Central_Occidental,,,0.8175598502236049
periode,roni,sol_molt_humit,480,151,31.458333333333332,-0.044520215737882236,0.3303900166119612,0.044520215737882236,,,1981-1990,0.8175598502236049
subregio_periode,roni,mes_molt_fred,120,22,18.333333333333332,-0.043904870820790726,0.6339679694820888,0.043904870820790726,Mediterrani_Central_Occidental,,1991-2000,0.9058311724716669
subregio_estacio,roni,mes_molt_fred,120,15,12.5,0.043833820547008226,0.6345175143109867,0.043833820547008226,Llevant_Iberic,Summer,,0.9058311724716669
subregio,roni,mes_molt_fred,480,65,13.541666666666666,-0.04335964695675429,0.3431644278209322,0.04335964695675429,Llevant_Iberic,,,0.82024668113296
subregio_periode,roni,mes_molt_calid,120,15,12.5,-0.04304884043935274,0.6406021997827084,0.04304884043935274,Golf_Lleo,,1981-1990,0.9058311724716669
periode,roni,episodi_calid_i_sol_sec,480,11,2.2916666666666665,0.042863350816727416,0.34872193273701346,0.042863350816727416,,,1981-1990,0.8284787735327835
global,roni,episodi_calid_i_sol_sec,1920,119,6.197916666666667,0.042750746449829985,0.0610849362390533,0.042750746449829985,,,,0.5480605478763202
subregio_periode,roni,episodi_fred_i_humit,120,3,2.5,0.04239164611061468,0.6457147960069017,0.04239164611061468,Catalunya_Balears,,1991-2000,0.9058311724716669
subregio_periode,roni,episodi_fred_i_humit,120,3,2.5,-0.04222392088264323,0.6470222660511906,0.04222392088264323,Llevant_Iberic,,2001-2010,0.9058311724716669
subregio_estacio,roni,episodi_fred_i_humit,120,4,3.3333333333333335,-0.041222156704554695,0.654853624542353,0.041222156704554695,Golf_Lleo,Winter,,0.9069912891779347
subregio_periode,roni,episodi_calid_i_sol_sec,120,8,6.666666666666667,0.04064663545376368,0.659369884309354,0.04064663545376368,Catalunya_Balears,,2001-2010,0.9069912891779347
subregio_estacio,roni,mes_molt_fred,120,18,15.0,-0.040640297656245,0.6594196872849781,0.040640297656245,Llevant_Iberic,Autumn,,0.9069912891779347
estacio,roni,mes_molt_fred,480,64,13.333333333333334,0.03970231333819793,0.38544446691963447,0.03970231333819793,,Spring,,0.8405176403014156
subregio,roni,mes_molt_humit,480,47,9.791666666666666,0.039564942487860896,0.3870919845219934,0.039564942487860896,Llevant_Iberic,,,0.8405176403014156
subregio_periode,roni,sol_molt_sec,120,31,25.833333333333336,0.03914355262585083,0.6712225665586046,0.03914355262585083,Mediterrani_Central_Occidental,,1991-2000,0.9098685914189375
subregio_periode,roni,mes_molt_calid,120,6,5.0,0.038993485310525156,0.6724104404350459,0.038993485310525156,Catalunya_Balears,,1981-1990,0.9098685914189375
subregio_periode,roni,mes_molt_sec,120,9,7.5,-0.03897035733602337,0.6725935842973025,0.03897035733602337,Catalunya_Balears,,1991-2000,0.9098685914189375
subregio_periode,roni,episodi_calid_i_sec,120,2,1.6666666666666667,0.03859328210842812,0.6755822344209036,0.03859328210842812,Llevant_Iberic,,1991-2000,0.9100626662989492
periode,roni,episodi_fred_i_humit,480,17,3.5416666666666665,0.03857747508901863,0.3990604480062634,0.03857747508901863,,,1991-2000,0.8405176403014156
subregio_estacio,roni,mes_molt_fred,120,20,16.666666666666664,-0.03828736952427661,0.678010575859845,0.03828736952427661,Catalunya_Balears,Winter,,0.9102059785515727
estacio,roni,sol_molt_sec,480,94,19.583333333333332,0.03789399122181857,0.4074730614051318,0.03789399122181857,,Summer,,0.8405176403014156
subregio_periode,roni,sol_molt_sec,120,28,23.333333333333332,-0.037682726565994626,0.6828199510583084,0.037682726565994626,Golf_Lleo,,2001-2010,0.9135338594363716
subregio,roni,mes_molt_calid,480,112,23.333333333333332,0.037681232841699316,0.41011313994142157,0.037681232841699316,Golf_Lleo,,,0.8405176403014156
subregio_estacio,roni,sol_molt_humit,120,15,12.5,-0.03682040925948693,0.689700896388672,0.03682040925948693,Mediterrani_Central_Occidental,Summer,,0.9161660609534137
estacio,roni,mes_molt_humit,480,86,17.916666666666668,0.03654297878392788,0.42440874719487287,0.03654297878392788,,Autumn,,0.8424915408311952
periode,roni,episodi_fred_i_humit,480,13,2.7083333333333335,-0.03613129185619926,0.42964988068656007,0.03613129185619926,,,2001-2010,0.8424915408311952
periode,roni,mes_molt_sec,480,40,8.333333333333332,0.03595869941528826,0.4318582357015286,0.03595869941528826,,,2001-2010,0.8424915408311952
periode,roni,mes_molt_calid,480,39,8.125,0.03571449237488602,0.43499408783933097,0.03571449237488602,,,1981-1990,0.8424915408311952
subregio_periode,roni,episodi_fred_i_humit,120,3,2.5,-0.03553892369935045,0.6999734504872958,0.03553892369935045,Golf_Lleo,,2011-2020,0.9161660609534137
subregio_periode,roni,mes_molt_fred,120,3,2.5,-0.035538923699350446,0.6999734504872958,0.035538923699350446,Mediterrani_Central_Occidental,,2011-2020,0.9161660609534137
subregio_periode,roni,sol_molt_humit,120,30,25.0,-0.035408256134714586,0.7010239877062099,0.035408256134714586,Mediterrani_Central_Occidental,,1981-1990,0.9161660609534137
subregio_periode,roni,mes_molt_sec,120,6,5.0,-0.035392898631107256,0.7011474956276126,0.035392898631107256,Mediterrani_Central_Occidental,,2001-2010,0.9161660609534137
estacio,roni,mes_molt_sec,480,6,1.25,-0.034446787550230305,0.4514817175390668,0.034446787550230305,,Summer,,0.8424915408311952
subregio_estacio,roni,mes_molt_humit,120,18,15.0,0.0340550900396086,0.7119360062534585,0.0340550900396086,Catalunya_Balears,Winter,,0.924102365732966
subregio,roni,episodi_calid_i_sec,480,33,6.875000000000001,0.03395859725993075,0.45792383804494036,0.03395859725993075,Golf_Lleo,,,0.8424915408311952
subregio,roni,episodi_calid_i_sol_sec,480,35,7.291666666666667,0.033529049446025166,0.4636343863221528,0.033529049446025166,Llevant_Iberic,,,0.8424915408311952
subregio_periode,roni,sol_molt_sec,120,34,28.333333333333332,0.032988017405820996,0.7205823422810204,0.032988017405820996,Mediterrani_Central_Occidental,,1981-1990,0.9261423444269976
subregio_estacio,roni,mes_molt_sec,120,24,20.0,0.03295727876737369,0.7208319426559212,0.03295727876737369,Golf_Lleo,Winter,,0.9261423444269976
subregio_periode,roni,sol_molt_sec,120,29,24.166666666666668,-0.032617555164120474,0.7235924777511997,0.032617555164120474,Catalunya_Balears,,1991-2000,0.9261423444269976
subregio_periode,roni,episodi_calid_i_sec,120,2,1.6666666666666667,0.03240184647606001,0.7253471361644482,0.03240184647606001,Mediterrani_Central_Occidental,,1991-2000,0.9261423444269976
subregio,roni,sol_molt_sec,480,146,30.416666666666664,-0.03194714379577327,0.48500198449534826,0.03194714379577327,Llevant_Iberic,,,0.8641853541917115
subregio_periode,roni,mes_molt_calid,120,13,10.833333333333334,0.031920705790974654,0.7292660423187608,0.031920705790974654,Llevant_Iberic,,1991-2000,0.9261423444269976
subregio_periode,roni,episodi_fred_i_humit,120,4,3.3333333333333335,-0.03188777360057079,0.7295345328937933,0.03188777360057079,Catalunya_Balears,,1981-1990,0.9261423444269976
subregio_estacio,roni,episodi_calid_i_sec,120,5,4.166666666666666,-0.031825064676945944,0.7300458786427098,0.031825064676945944,Mediterrani_Central_Occidental,Autumn,,0.9261423444269976
subregio_periode,roni,mes_molt_humit,120,18,15.0,-0.03110174597422761,0.7359525322662198,0.03110174597422761,Golf_Lleo,,2001-2010,0.9276314876152996
subregio,roni,mes_molt_fred,480,63,13.125,-0.030059622431331343,0.5111778836567772,0.030059622431331343,Mediterrani_Central_Occidental,,,0.8785342068300215
subregio,roni,sol_molt_sec,480,120,25.0,0.030024848329035465,0.5116669329910358,0.030024848329035465,Mediterrani_Central_Occidental,,,0.8785342068300215
subregio_periode,roni,mes_molt_calid,120,9,7.5,-0.029942475327678165,0.7454512768888153,0.029942475327678165,Mediterrani_Central_Occidental,,1991-2000,0.9348106888415096
subregio_periode,roni,mes_molt_humit,120,13,10.833333333333334,-0.029551817878032315,0.7486609239665459,0.029551817878032315,Llevant_Iberic,,1981-1990,0.9348106888415096
subregio_periode,roni,episodi_calid_i_sec,120,8,6.666666666666667,-0.029534605617482956,0.7488024395312092,0.029534605617482956,Golf_Lleo,,2001-2010,0.9348106888415096
subregio_estacio,roni,episodi_fred_i_humit,120,2,1.6666666666666667,-0.028967654544017247,0.753468433897141,0.028967654544017247,Llevant_Iberic,Spring,,0.9367532320460928
subregio_estacio,roni,sol_molt_humit,120,43,35.833333333333336,0.028765077065184032,0.7551378095065443,0.028765077065184032,Mediterrani_Central_Occidental,Autumn,,0.9367532320460928
estacio,roni,episodi_fred_i_humit,480,14,2.9166666666666665,-0.02834650842086071,0.5355566265817263,0.02834650842086071,,Winter,,0.8785342068300215
subregio_periode,roni,mes_molt_fred,120,22,18.333333333333332,0.027790485885010627,0.763184764069685,0.027790485885010627,Llevant_Iberic,,1991-2000,0.9379269742936344
subregio_estacio,roni,episodi_calid_i_sec,120,2,1.6666666666666667,-0.027781146362526966,0.7632620020399729,0.027781146362526966,Golf_Lleo,Summer,,0.9379269742936344
estacio,roni,sol_molt_humit,480,99,20.625,0.0277313154627552,0.5444515651498583,0.0277313154627552,,Summer,,0.8785342068300215
periode,roni,sol_molt_humit,480,112,23.333333333333332,0.027573189247844854,0.5467496436418035,0.027573189247844854,,,2011-2020,0.8785342068300215
periode,roni,sol_molt_humit,480,117,24.375,-0.026930348944522217,0.5561411739551176,0.026930348944522217,,,1991-2000,0.8785342068300215
periode,roni,mes_molt_humit,480,69,14.374999999999998,0.026840064720086064,0.5574664308748934,0.026840064720086064,,,2001-2010,0.8785342068300215
global,roni,mes_molt_fred,1920,312,16.25,-0.02652476187303235,0.24535559344876343,0.02652476187303235,,,,0.7819462815602867
subregio,roni,mes_molt_calid,480,71,14.791666666666666,0.026378245252996774,0.5642692156812531,0.026378245252996774,Catalunya_Balears,,,0.8785342068300215
subregio_estacio,roni,mes_molt_humit,120,19,15.833333333333332,0.02616757810765341,0.776640539296433,0.02616757810765341,Mediterrani_Central_Occidental,Winter,,0.9410548632596434
subregio_estacio,roni,mes_molt_sec,120,11,9.166666666666666,0.02605865263956958,0.7775460804897241,0.02605865263956958,Llevant_Iberic,Autumn,,0.9410548632596434
subregio_periode,roni,episodi_calid_i_sec,120,6,5.0,-0.025325665717145222,0.7836473985897139,0.025325665717145222,Golf_Lleo,,1981-1990,0.9422999394084903
subregio,roni,mes_molt_humit,480,93,19.375,-0.02441379798943632,0.5936429020799504,0.02441379798943632,Golf_Lleo,,,0.888198540516567
subregio_periode,roni,mes_molt_sec,120,6,5.0,0.02436655408076635,0.7916507810107952,0.02436655408076635,Llevant_Iberic,,1991-2000,0.9470830379535166
subregio_estacio,roni,sol_molt_sec,120,18,15.0,0.024034493410616344,0.794426793985801,0.024034493410616344,Llevant_Iberic,Summer,,0.9470830379535166
subregio_estacio,roni,mes_molt_calid,120,24,20.0,0.023486796362955947,0.7990111232272209,0.023486796362955947,Catalunya_Balears,Winter,,0.9470830379535166
subregio_estacio,roni,episodi_fred_i_humit,120,6,5.0,-0.023403931253708245,0.7997053203127908,0.023403931253708245,Golf_Lleo,Autumn,,0.9470830379535166
subregio,roni,mes_molt_fred,480,70,14.583333333333334,-0.02135289547020503,0.6407488988606274,0.02135289547020503,Catalunya_Balears,,,0.9058311724716669
subregio,roni,sol_molt_humit,480,134,27.916666666666668,0.021230250166679187,0.6426684947854608,0.021230250166679187,Catalunya_Balears,,,0.9058311724716669
periode,roni,sol_molt_sec,480,134,27.916666666666668,0.020500131528083658,0.6541449439204352,0.020500131528083658,,,2011-2020,0.9069912891779347
periode,roni,sol_molt_sec,480,121,25.208333333333332,-0.020482952473993173,0.6544159723933168,0.020482952473993173,,,1991-2000,0.9069912891779347
subregio_periode,roni,episodi_fred_i_humit,120,3,2.5,-0.020482722338458728,0.8242736107119373,0.020482722338458728,Llevant_Iberic,,1981-1990,0.9622507032731255
subregio_periode,roni,episodi_calid_i_sec,120,1,0.8333333333333334,0.02039986819580104,0.8249730464273233,0.02039986819580104,Llevant_Iberic,,1981-1990,0.9622507032731255
subregio_periode,roni,episodi_calid_i_sec,120,1,0.8333333333333334,0.02039986819580104,0.8249730464273233,0.02039986819580104,Mediterrani_Central_Occidental,,1981-1990,0.9622507032731255
subregio_estacio,roni,sol_molt_sec,120,13,10.833333333333334,0.020131316556833617,0.8272410382730695,0.020131316556833617,Golf_Lleo,Winter,,0.9622507032731255
estacio,roni,episodi_calid_i_sol_sec,480,28,5.833333333333333,0.019879574106454433,0.6639638718462233,0.019879574106454433,,Autumn,,0.9098685914189375
subregio_periode,roni,mes_molt_calid,120,10,8.333333333333332,0.019548007756129082,0.8321721191584315,0.019548007756129082,Llevant_Iberic,,1981-1990,0.9648923945442086
estacio,roni,episodi_calid_i_sec,480,16,3.3333333333333335,-0.019304358067349373,0.6731170701823772,0.019304358067349373,,Spring,,0.9098685914189375
subregio,roni,sol_molt_sec,480,125,26.041666666666668,-0.0184719166632119,0.6864490106008193,0.0184719166632119,Catalunya_Balears,,,0.915265347467759
global,roni,sol_molt_sec,1920,489,25.46875,-0.017752399905308774,0.4369075536886908,0.017752399905308774,,,,0.8424915408311952
subregio,roni,mes_molt_humit,480,57,11.875,0.017744562326541983,0.698178259524762,0.017744562326541983,Catalunya_Balears,,,0.9161660609534137
subregio_estacio,roni,episodi_fred_i_humit,120,2,1.6666666666666667,-0.01706405278320771,0.8532413981150768,0.01706405278320771,Llevant_Iberic,Winter,,0.9795963393458013
estacio,roni,sol_molt_humit,480,101,21.041666666666668,-0.017011515292347186,0.7100724548831099,0.017011515292347186,,Winter,,0.924102365732966
subregio_periode,roni,sol_molt_sec,120,41,34.166666666666664,-0.016898696188364006,0.854647826674143,0.016898696188364006,Llevant_Iberic,,2011-2020,0.9795963393458013
subregio_estacio,roni,episodi_calid_i_sol_sec,120,7,5.833333333333333,-0.016471190216633555,0.858286051038241,0.016471190216633555,Catalunya_Balears,Spring,,0.980052972375326
subregio,roni,mes_molt_fred,480,114,23.75,-0.015551554973494308,0.7339697167876451,0.015551554973494308,Golf_Lleo,,,0.9276314876152996
global,roni,mes_molt_sec,1920,193,10.052083333333334,0.01546119855941195,0.4983583392354824,0.01546119855941195,,,,0.8760379774901753
subregio_periode,roni,mes_molt_humit,120,14,11.666666666666666,0.015363436025444342,0.8677270755469259,0.015363436025444342,Catalunya_Balears,,2011-2020,0.980052972375326
subregio_periode,roni,mes_molt_humit,120,24,20.0,0.014894161096522094,0.8717322543842558,0.014894161096522094,Golf_Lleo,,1981-1990,0.980052972375326
subregio_periode,roni,mes_molt_sec,120,6,5.0,0.014873803675148779,0.8719060756455845,0.014873803675148779,Llevant_Iberic,,1981-1990,0.980052972375326
subregio_estacio,roni,mes_molt_humit,120,15,12.5,-0.014646132674522031,0.8738504521488202,0.014646132674522031,Mediterrani_Central_Occidental,Autumn,,0.980052972375326
subregio_estacio,roni,episodi_fred_i_humit,120,10,8.333333333333332,-0.014297381745758314,0.8768303415023658,0.014297381745758314,Golf_Lleo,Spring,,0.980052972375326
subregio_periode,roni,episodi_calid_i_sol_sec,120,5,4.166666666666666,0.014213487468108655,0.8775474318972944,0.014213487468108655,Catalunya_Balears,,1991-2000,0.980052972375326
estacio,roni,episodi_calid_i_sec,480,2,0.4166666666666667,-0.013803118545782426,0.7629287442415896,0.013803118545782426,,Summer,,0.9379269742936344
subregio_estacio,roni,mes_molt_calid,120,19,15.833333333333332,0.013521355592188922,0.8834671955336562,0.013521355592188922,Catalunya_Balears,Autumn,,0.9811554252057965
estacio,roni,mes_molt_humit,480,75,15.625,0.01349787959289257,0.7680197572465326,0.01349787959289257,,Winter,,0.9400130094161465
subregio_periode,roni,episodi_calid_i_sol_sec,120,3,2.5,-0.013453636190793889,0.8840467462344613,0.013453636190793889,Mediterrani_Central_Occidental,,1991-2000,0.9811554252057965
periode,roni,episodi_calid_i_sol_sec,480,16,3.3333333333333335,-0.013393944994392205,0.769755551078018,0.013393944994392205,,,1991-2000,0.9400130094161465
subregio_periode,roni,mes_molt_fred,120,36,30.0,-0.013000689645272177,0.8879246772380389,0.013000689645272177,Golf_Lleo,,1981-1990,0.9811554252057965
subregio,roni,sol_molt_humit,480,139,28.958333333333336,-0.01291251856354482,0.7778106522860317,0.01291251856354482,Llevant_Iberic,,,0.9410548632596434
subregio,roni,mes_molt_sec,480,39,8.125,0.01269809766405637,0.7814060201651969,0.01269809766405637,Catalunya_Balears,,,0.9422999394084903
subregio_periode,roni,episodi_calid_i_sol_sec,120,5,4.166666666666666,0.012547944569578447,0.8918035318738322,0.012547944569578447,Mediterrani_Central_Occidental,,2001-2010,0.9811554252057965
subregio_periode,roni,mes_molt_calid,120,20,16.666666666666664,-0.012052025241155874,0.8960552097542732,0.012052025241155874,Golf_Lleo,,1991-2000,0.9811554252057965
subregio,roni,episodi_calid_i_sol_sec,480,32,6.666666666666667,0.011694588419488703,0.7982934612765417,0.011694588419488703,Golf_Lleo,,,0.9470830379535166
global,roni,episodi_fred_i_humit,1920,57,2.96875,-0.011454411856934353,0.6159511888891501,0.011454411856934353,,,,0.8986872784579195
subregio_periode,roni,mes_molt_calid,120,13,10.833333333333334,-0.011433648279323803,0.9013608744941776,0.011433648279323803,Catalunya_Balears,,1991-2000,0.9842157738209404
global,roni,sol_molt_humit,1920,507,26.406249999999996,-0.010800555178225875,0.6362401415294189,0.010800555178225875,,,,0.9058311724716669
subregio,roni,episodi_fred_i_humit,480,10,2.083333333333333,0.010793671235826967,0.8135352600689272,0.010793671235826967,Llevant_Iberic,,,0.9605597046596971
subregio_periode,roni,mes_molt_sec,120,21,17.5,-0.010275913063159583,0.9113057492618167,0.010275913063159583,Golf_Lleo,,2011-2020,0.9842685265663125
periode,roni,episodi_calid_i_sec,480,14,2.9166666666666665,0.010166439883646097,0.8241889087481089,0.010166439883646097,,,1991-2000,0.9622507032731255
subregio_periode,roni,mes_molt_humit,120,13,10.833333333333334,0.009913248922519591,0.9144239092271453,0.009913248922519591,Catalunya_Balears,,1981-1990,0.9842685265663125
periode,roni,mes_molt_humit,480,58,12.083333333333334,-0.009564995490500168,0.8344350044655274,0.009564995490500168,,,1981-1990,0.9648923945442086
subregio_estacio,roni,sol_molt_humit,120,25,20.833333333333336,-0.009405581612952402,0.9187909702930326,0.009405581612952402,Catalunya_Balears,Winter,,0.9842685265663125
periode,roni,mes_molt_humit,480,51,10.625,-0.009034621314153918,0.8434937301771107,0.009034621314153918,,,1991-2000,0.972498653615963
subregio_estacio,roni,episodi_fred_i_humit,120,3,2.5,0.008990874780908613,0.9223601673035356,0.008990874780908613,Catalunya_Balears,Autumn,,0.9842685265663125
subregio_periode,roni,mes_molt_humit,120,10,8.333333333333332,-0.008125473759990794,0.9298131794667851,0.008125473759990794,Catalunya_Balears,,1991-2000,0.9842685265663125
subregio_estacio,roni,sol_molt_sec,120,45,37.5,0.008020479178385442,0.9307178410013809,0.008020479178385442,Llevant_Iberic,Winter,,0.9842685265663125
subregio_periode,roni,episodi_fred_i_humit,120,1,0.8333333333333334,-0.007701911114691999,0.933463245192489,0.007701911114691999,Mediterrani_Central_Occidental,,1991-2000,0.9842685265663125
subregio_estacio,roni,mes_molt_sec,120,10,8.333333333333332,0.007698590170792942,0.9334918690985375,0.007698590170792942,Mediterrani_Central_Occidental,Spring,,0.9842685265663125
subregio,roni,episodi_fred_i_humit,480,25,5.208333333333334,0.0075503175777306974,0.8689516753304634,0.0075503175777306974,Golf_Lleo,,,0.980052972375326
subregio_estacio,roni,mes_molt_humit,120,32,26.666666666666668,0.007033987259077082,0.9392218797157922,0.007033987259077082,Golf_Lleo,Autumn,,0.9842685265663125
subregio,roni,episodi_fred_i_humit,480,12,2.5,0.006273059390786404,0.8909684630915655,0.006273059390786404,Catalunya_Balears,,,0.9811554252057965
subregio_periode,roni,mes_molt_calid,120,15,12.5,0.0062032039341957815,0.9463889858854866,0.0062032039341957815,Catalunya_Balears,,2001-2010,0.9842685265663125
subregio_periode,roni,mes_molt_sec,120,9,7.5,0.0061690527057025515,0.9466837016250139,0.0061690527057025515,Mediterrani_Central_Occidental,,1991-2000,0.9842685265663125
subregio,roni,sol_molt_humit,480,106,22.083333333333332,-0.0061143234416282215,0.8937109004440232,0.0061143234416282215,Golf_Lleo,,,0.9811554252057965
subregio_periode,roni,mes_molt_fred,120,27,22.5,-0.005829908318369416,0.9496108092309369,0.005829908318369416,Golf_Lleo,,2001-2010,0.9842685265663125
subregio_periode,roni,mes_molt_humit,120,5,4.166666666666666,-0.005619285743205761,0.9514290035695078,0.005619285743205761,Mediterrani_Central_Occidental,,1991-2000,0.9842685265663125
subregio_estacio,roni,mes_molt_fred,120,12,10.0,-0.005268783415017409,0.9544552553506443,0.005268783415017409,Catalunya_Balears,Spring,,0.9842685265663125
subregio_estacio,roni,episodi_fred_i_humit,120,4,3.3333333333333335,0.005205528321052973,0.9550014727963326,0.005205528321052973,Catalunya_Balears,Winter,,0.9842685265663125
periode,roni,mes_molt_fred,480,105,21.875,-0.0051528267959801265,0.9103483337118676,0.0051528267959801265,,,1991-2000,0.9842685265663125
periode,roni,mes_molt_calid,480,55,11.458333333333332,-0.004717714987943933,0.9178907155542123,0.004717714987943933,,,1991-2000,0.9842685265663125
subregio_periode,roni,mes_molt_fred,120,24,20.0,-0.004359420952403648,0.9623096455751597,0.004359420952403648,Catalunya_Balears,,1991-2000,0.9842685265663125
subregio_periode,roni,sol_molt_humit,120,28,23.333333333333332,0.004247780749238046,0.9632741739802066,0.004247780749238046,Catalunya_Balears,,1991-2000,0.9842685265663125
subregio_periode,roni,mes_molt_humit,120,18,15.0,-0.004028615011374404,0.9651678346680522,0.004028615011374404,Mediterrani_Central_Occidental,,2011-2020,0.9842685265663125
global,roni,mes_molt_humit,1920,243,12.65625,-0.003993227123553239,0.8611887037836268,0.003993227123553239,,,,0.980052972375326
subregio_estacio,roni,episodi_calid_i_sol_sec,120,7,5.833333333333333,0.0038521946995534093,0.9666923028776283,0.0038521946995534093,Llevant_Iberic,Autumn,,0.9842685265663125
estacio,roni,sol_molt_sec,480,110,22.916666666666664,0.003793029825545682,0.933943180786383,0.003793029825545682,,Winter,,0.9842685265663125
periode,roni,episodi_calid_i_sec,480,8,1.6666666666666667,-0.003535923118059078,0.9384115774002032,0.003535923118059078,,,1981-1990,0.9842685265663125
subregio,roni,mes_molt_sec,480,95,19.791666666666664,0.003120550050625257,0.9456345964333311,0.003120550050625257,Golf_Lleo,,,0.9842685265663125
subregio,roni,mes_molt_sec,480,41,8.541666666666666,0.0030241962122322906,0.9473107743721515,0.0030241962122322906,Mediterrani_Central_Occidental,,,0.9842685265663125
subregio_estacio,roni,sol_molt_sec,120,32,26.666666666666668,0.0024477104544030244,0.9788324448122757,0.0024477104544030244,Golf_Lleo,Summer,,0.9882350405447788
periode,roni,sol_molt_humit,480,127,26.458333333333332,0.00223754873489131,0.9610033859307789,0.00223754873489131,,,2001-2010,0.9842685265663125
subregio_periode,roni,episodi_fred_i_humit,120,4,3.3333333333333335,-0.002234948428684611,0.9806720172753035,0.002234948428684611,Golf_Lleo,,2001-2010,0.9882350405447788
periode,roni,mes_molt_humit,480,65,13.541666666666666,0.0015014585190544771,0.9738264555048783,0.0015014585190544771,,,2011-2020,0.9882350405447788
estacio,roni,episodi_fred_i_humit,480,15,3.125,-0.0012783140622356394,0.9777152309828833,0.0012783140622356394,,Autumn,,0.9882350405447788
subregio_periode,roni,mes_molt_fred,120,37,30.833333333333336,-0.0011728434907102014,0.9898564617086288,0.0011728434907102014,Golf_Lleo,,1991-2000,0.9944869421395882
subregio_periode,roni,sol_molt_sec,120,34,28.333333333333332,0.0009307712658921125,0.9919499856545382,0.0009307712658921125,Llevant_Iberic,,2001-2010,0.9944869421395882
periode,roni,sol_molt_sec,480,122,25.416666666666664,0.0001989463556371883,0.9965313419113787,0.0001989463556371883,,,2001-2010,0.9965313419113787
subregio_estacio,roni,mes_molt_sec,120,0,0.0,,,,Llevant_Iberic,Spring,,
subregio_estacio,roni,episodi_calid_i_sec,120,0,0.0,,,,Llevant_Iberic,Spring,,
subregio_estacio,roni,mes_molt_sec,120,0,0.0,,,,Llevant_Iberic,Summer,,
subregio_estacio,roni,episodi_calid_i_sec,120,0,0.0,,,,Llevant_Iberic,Summer,,
subregio_estacio,roni,mes_molt_sec,120,0,0.0,,,,Catalunya_Balears,Summer,,
subregio_estacio,roni,episodi_calid_i_sec,120,0,0.0,,,,Catalunya_Balears,Summer,,
subregio_estacio,roni,episodi_calid_i_sec,120,0,0.0,,,,Mediterrani_Central_Occidental,Spring,,
subregio_estacio,roni,mes_molt_sec,120,0,0.0,,,,Mediterrani_Central_Occidental,Summer,,
subregio_estacio,roni,mes_molt_humit,120,0,0.0,,,,Mediterrani_Central_Occidental,Summer,,
subregio_estacio,roni,episodi_calid_i_sec,120,0,0.0,,,,Mediterrani_Central_Occidental,Summer,,
subregio_estacio,roni,episodi_fred_i_humit,120,0,0.0,,,,Mediterrani_Central_Occidental,Summer,,
subregio_periode,roni,episodi_fred_i_humit,120,0,0.0,,,,Llevant_Iberic,,2011-2020,
subregio_periode,roni,episodi_calid_i_sec,120,0,0.0,,,,Catalunya_Balears,,1981-1990,
